task,holdout_family,repeat,policy,coverage,ood_risk
expt_gap,chalcogenide,0,ensemble_std,0.10007047216349542,0.7531351511020762
expt_gap,chalcogenide,0,ensemble_std,0.20014094432699084,0.7671499369436793
expt_gap,chalcogenide,0,ensemble_std,0.30021141649048627,0.7269519721604352
expt_gap,chalcogenide,0,ensemble_std,0.4002818886539817,0.6949887215321596
expt_gap,chalcogenide,0,ensemble_std,0.5003523608174771,0.6817691771631375
expt_gap,chalcogenide,0,ensemble_std,0.6004228329809725,0.6943624133227099
expt_gap,chalcogenide,0,ensemble_std,0.700493305144468,0.7066457348403287
expt_gap,chalcogenide,0,ensemble_std,0.8005637773079634,0.7360575652193281
expt_gap,chalcogenide,0,ensemble_std,0.9006342494714588,0.7673130353308627
expt_gap,chalcogenide,0,ensemble_std,1.0,0.7818111467510114
expt_gap,chalcogenide,0,descriptor_distance,0.10007047216349542,0.5843138701527343
expt_gap,chalcogenide,0,descriptor_distance,0.20014094432699084,0.6735874376276596
expt_gap,chalcogenide,0,descriptor_distance,0.30021141649048627,0.7578055028567219
expt_gap,chalcogenide,0,descriptor_distance,0.4002818886539817,0.7892383414784305
expt_gap,chalcogenide,0,descriptor_distance,0.5003523608174771,0.8187758530180697
expt_gap,chalcogenide,0,descriptor_distance,0.6004228329809725,0.817661650732019
expt_gap,chalcogenide,0,descriptor_distance,0.700493305144468,0.8185141537774206
expt_gap,chalcogenide,0,descriptor_distance,0.8005637773079634,0.8172017361502568
expt_gap,chalcogenide,0,descriptor_distance,0.9006342494714588,0.8126629566760909
expt_gap,chalcogenide,0,descriptor_distance,1.0,0.7818111467510113
expt_gap,chalcogenide,0,equal_rank_hybrid,0.10007047216349542,0.6400450060463792
expt_gap,chalcogenide,0,equal_rank_hybrid,0.20014094432699084,0.7251257089919563
expt_gap,chalcogenide,0,equal_rank_hybrid,0.30021141649048627,0.7742873682943615
expt_gap,chalcogenide,0,equal_rank_hybrid,0.4002818886539817,0.7661234070516116
expt_gap,chalcogenide,0,equal_rank_hybrid,0.5003523608174771,0.7424533283595315
expt_gap,chalcogenide,0,equal_rank_hybrid,0.6004228329809725,0.7430907528668032
expt_gap,chalcogenide,0,equal_rank_hybrid,0.700493305144468,0.7175829076426203
expt_gap,chalcogenide,0,equal_rank_hybrid,0.8005637773079634,0.7338460929718356
expt_gap,chalcogenide,0,equal_rank_hybrid,0.9006342494714588,0.7625531833387195
expt_gap,chalcogenide,0,equal_rank_hybrid,1.0,0.7818111467510124
expt_gap,chalcogenide,1,ensemble_std,0.10007047216349542,0.9036946906565798
expt_gap,chalcogenide,1,ensemble_std,0.20014094432699084,0.904702765243263
expt_gap,chalcogenide,1,ensemble_std,0.30021141649048627,0.8929709828353094
expt_gap,chalcogenide,1,ensemble_std,0.4002818886539817,0.8890890948160192
expt_gap,chalcogenide,1,ensemble_std,0.5003523608174771,0.8415179768000915
expt_gap,chalcogenide,1,ensemble_std,0.6004228329809725,0.8278403744932681
expt_gap,chalcogenide,1,ensemble_std,0.700493305144468,0.8389948532519618
expt_gap,chalcogenide,1,ensemble_std,0.8005637773079634,0.8236465316421162
expt_gap,chalcogenide,1,ensemble_std,0.9006342494714588,0.8279616744346188
expt_gap,chalcogenide,1,ensemble_std,1.0,0.8195574395888234
expt_gap,chalcogenide,1,descriptor_distance,0.10007047216349542,0.6572022781918623
expt_gap,chalcogenide,1,descriptor_distance,0.20014094432699084,0.7236934157926852
expt_gap,chalcogenide,1,descriptor_distance,0.30021141649048627,0.8071672835805894
expt_gap,chalcogenide,1,descriptor_distance,0.4002818886539817,0.8281168713056429
expt_gap,chalcogenide,1,descriptor_distance,0.5003523608174771,0.8394313334449236
expt_gap,chalcogenide,1,descriptor_distance,0.6004228329809725,0.8446603446513561
expt_gap,chalcogenide,1,descriptor_distance,0.700493305144468,0.8396161146344475
expt_gap,chalcogenide,1,descriptor_distance,0.8005637773079634,0.8314075650025841
expt_gap,chalcogenide,1,descriptor_distance,0.9006342494714588,0.8257493263777148
expt_gap,chalcogenide,1,descriptor_distance,1.0,0.8195574395888247
expt_gap,chalcogenide,1,equal_rank_hybrid,0.10007047216349542,0.680857888467535
expt_gap,chalcogenide,1,equal_rank_hybrid,0.20014094432699084,0.7890945189296298
expt_gap,chalcogenide,1,equal_rank_hybrid,0.30021141649048627,0.8354473664911329
expt_gap,chalcogenide,1,equal_rank_hybrid,0.4002818886539817,0.8503273133034507
expt_gap,chalcogenide,1,equal_rank_hybrid,0.5003523608174771,0.8515538116071992
expt_gap,chalcogenide,1,equal_rank_hybrid,0.6004228329809725,0.8702050910717515
expt_gap,chalcogenide,1,equal_rank_hybrid,0.700493305144468,0.856805251448249
expt_gap,chalcogenide,1,equal_rank_hybrid,0.8005637773079634,0.8332884645060178
expt_gap,chalcogenide,1,equal_rank_hybrid,0.9006342494714588,0.82450128061308
expt_gap,chalcogenide,1,equal_rank_hybrid,1.0,0.8195574395888235
expt_gap,chalcogenide,2,ensemble_std,0.10007047216349542,0.6515811752962668
expt_gap,chalcogenide,2,ensemble_std,0.20014094432699084,0.6581340070786149
expt_gap,chalcogenide,2,ensemble_std,0.30021141649048627,0.7363011118355087
expt_gap,chalcogenide,2,ensemble_std,0.4002818886539817,0.75838918933122
expt_gap,chalcogenide,2,ensemble_std,0.5003523608174771,0.7369409003452413
expt_gap,chalcogenide,2,ensemble_std,0.6004228329809725,0.7448826060461154
expt_gap,chalcogenide,2,ensemble_std,0.700493305144468,0.7349879179823873
expt_gap,chalcogenide,2,ensemble_std,0.8005637773079634,0.7572916839411546
expt_gap,chalcogenide,2,ensemble_std,0.9006342494714588,0.794775121857441
expt_gap,chalcogenide,2,ensemble_std,1.0,0.8090259539153746
expt_gap,chalcogenide,2,descriptor_distance,0.10007047216349542,0.6005532306031082
expt_gap,chalcogenide,2,descriptor_distance,0.20014094432699084,0.6917499795791002
expt_gap,chalcogenide,2,descriptor_distance,0.30021141649048627,0.7944877114303615
expt_gap,chalcogenide,2,descriptor_distance,0.4002818886539817,0.8390052218331857
expt_gap,chalcogenide,2,descriptor_distance,0.5003523608174771,0.8436623808341744
expt_gap,chalcogenide,2,descriptor_distance,0.6004228329809725,0.836196081344658
expt_gap,chalcogenide,2,descriptor_distance,0.700493305144468,0.8275851492845467
expt_gap,chalcogenide,2,descriptor_distance,0.8005637773079634,0.8188986938058497
expt_gap,chalcogenide,2,descriptor_distance,0.9006342494714588,0.8105393977102996
expt_gap,chalcogenide,2,descriptor_distance,1.0,0.8090259539153759
expt_gap,chalcogenide,2,equal_rank_hybrid,0.10007047216349542,0.5386664765171294
expt_gap,chalcogenide,2,equal_rank_hybrid,0.20014094432699084,0.6904487347119351
expt_gap,chalcogenide,2,equal_rank_hybrid,0.30021141649048627,0.7575103627928431
expt_gap,chalcogenide,2,equal_rank_hybrid,0.4002818886539817,0.7929637341026414
expt_gap,chalcogenide,2,equal_rank_hybrid,0.5003523608174771,0.8079699107085959
expt_gap,chalcogenide,2,equal_rank_hybrid,0.6004228329809725,0.815860420197783
expt_gap,chalcogenide,2,equal_rank_hybrid,0.700493305144468,0.8076322576753167
expt_gap,chalcogenide,2,equal_rank_hybrid,0.8005637773079634,0.7891447241252584
expt_gap,chalcogenide,2,equal_rank_hybrid,0.9006342494714588,0.7919930205519538
expt_gap,chalcogenide,2,equal_rank_hybrid,1.0,0.8090259539153745
expt_gap,chalcogenide,3,ensemble_std,0.10007047216349542,0.7443237453652242
expt_gap,chalcogenide,3,ensemble_std,0.20014094432699084,0.7178579168894232
expt_gap,chalcogenide,3,ensemble_std,0.30021141649048627,0.7381802594536229
expt_gap,chalcogenide,3,ensemble_std,0.4002818886539817,0.754459443291804
expt_gap,chalcogenide,3,ensemble_std,0.5003523608174771,0.7584889222676795
expt_gap,chalcogenide,3,ensemble_std,0.6004228329809725,0.7497975497203287
expt_gap,chalcogenide,3,ensemble_std,0.700493305144468,0.7176613197982836
expt_gap,chalcogenide,3,ensemble_std,0.8005637773079634,0.725893690264937
expt_gap,chalcogenide,3,ensemble_std,0.9006342494714588,0.7945033451806073
expt_gap,chalcogenide,3,ensemble_std,1.0,0.8165644912834102
expt_gap,chalcogenide,3,descriptor_distance,0.10007047216349542,0.6845996410514371
expt_gap,chalcogenide,3,descriptor_distance,0.20014094432699084,0.7266942463717818
expt_gap,chalcogenide,3,descriptor_distance,0.30021141649048627,0.802790726854165
expt_gap,chalcogenide,3,descriptor_distance,0.4002818886539817,0.8454751963153244
expt_gap,chalcogenide,3,descriptor_distance,0.5003523608174771,0.84334151795291
expt_gap,chalcogenide,3,descriptor_distance,0.6004228329809725,0.8534311580881648
expt_gap,chalcogenide,3,descriptor_distance,0.700493305144468,0.8420474589254519
expt_gap,chalcogenide,3,descriptor_distance,0.8005637773079634,0.8287721572748075
expt_gap,chalcogenide,3,descriptor_distance,0.9006342494714588,0.8237837955519407
expt_gap,chalcogenide,3,descriptor_distance,1.0,0.8165644912834107
expt_gap,chalcogenide,3,equal_rank_hybrid,0.10007047216349542,0.650892233097986
expt_gap,chalcogenide,3,equal_rank_hybrid,0.20014094432699084,0.7489389575543294
expt_gap,chalcogenide,3,equal_rank_hybrid,0.30021141649048627,0.7812600790607633
expt_gap,chalcogenide,3,equal_rank_hybrid,0.4002818886539817,0.7703783135524412
expt_gap,chalcogenide,3,equal_rank_hybrid,0.5003523608174771,0.7889129913691452
expt_gap,chalcogenide,3,equal_rank_hybrid,0.6004228329809725,0.783251368905766
expt_gap,chalcogenide,3,equal_rank_hybrid,0.700493305144468,0.8024187700039443
expt_gap,chalcogenide,3,equal_rank_hybrid,0.8005637773079634,0.7994607755743607
expt_gap,chalcogenide,3,equal_rank_hybrid,0.9006342494714588,0.7884769688284662
expt_gap,chalcogenide,3,equal_rank_hybrid,1.0,0.8165644912834095
expt_gap,chalcogenide,4,ensemble_std,0.10007047216349542,0.6493181832800615
expt_gap,chalcogenide,4,ensemble_std,0.20014094432699084,0.6527274372176749
expt_gap,chalcogenide,4,ensemble_std,0.30021141649048627,0.6889637161702622
expt_gap,chalcogenide,4,ensemble_std,0.4002818886539817,0.7872439394599354
expt_gap,chalcogenide,4,ensemble_std,0.5003523608174771,0.8421814806840597
expt_gap,chalcogenide,4,ensemble_std,0.6004228329809725,0.8387457553931582
expt_gap,chalcogenide,4,ensemble_std,0.700493305144468,0.8326817021297747
expt_gap,chalcogenide,4,ensemble_std,0.8005637773079634,0.8116027915921596
expt_gap,chalcogenide,4,ensemble_std,0.9006342494714588,0.8036964831811801
expt_gap,chalcogenide,4,ensemble_std,1.0,0.8007474181559077
expt_gap,chalcogenide,4,descriptor_distance,0.10007047216349542,0.6272463987609163
expt_gap,chalcogenide,4,descriptor_distance,0.20014094432699084,0.6753240876874271
expt_gap,chalcogenide,4,descriptor_distance,0.30021141649048627,0.7688427618779413
expt_gap,chalcogenide,4,descriptor_distance,0.4002818886539817,0.8168339275766666
expt_gap,chalcogenide,4,descriptor_distance,0.5003523608174771,0.811096514015799
expt_gap,chalcogenide,4,descriptor_distance,0.6004228329809725,0.81245901321926
expt_gap,chalcogenide,4,descriptor_distance,0.700493305144468,0.8021787075597845
expt_gap,chalcogenide,4,descriptor_distance,0.8005637773079634,0.8031057964052877
expt_gap,chalcogenide,4,descriptor_distance,0.9006342494714588,0.8027889037356513
expt_gap,chalcogenide,4,descriptor_distance,1.0,0.8007474181559058
expt_gap,chalcogenide,4,equal_rank_hybrid,0.10007047216349542,0.6219338585839572
expt_gap,chalcogenide,4,equal_rank_hybrid,0.20014094432699084,0.7758298421503449
expt_gap,chalcogenide,4,equal_rank_hybrid,0.30021141649048627,0.7976154195563184
expt_gap,chalcogenide,4,equal_rank_hybrid,0.4002818886539817,0.8108504464819255
expt_gap,chalcogenide,4,equal_rank_hybrid,0.5003523608174771,0.8081329578551663
expt_gap,chalcogenide,4,equal_rank_hybrid,0.6004228329809725,0.8039976301321872
expt_gap,chalcogenide,4,equal_rank_hybrid,0.700493305144468,0.7953624813271718
expt_gap,chalcogenide,4,equal_rank_hybrid,0.8005637773079634,0.8010230903677541
expt_gap,chalcogenide,4,equal_rank_hybrid,0.9006342494714588,0.7920246114167829
expt_gap,chalcogenide,4,equal_rank_hybrid,1.0,0.8007474181559063
expt_gap,chalcogenide,5,ensemble_std,0.10007047216349542,0.9933819245422235
expt_gap,chalcogenide,5,ensemble_std,0.20014094432699084,0.9243630816968255
expt_gap,chalcogenide,5,ensemble_std,0.30021141649048627,0.9164169722572105
expt_gap,chalcogenide,5,ensemble_std,0.4002818886539817,0.9141238967538291
expt_gap,chalcogenide,5,ensemble_std,0.5003523608174771,0.9570055402433287
expt_gap,chalcogenide,5,ensemble_std,0.6004228329809725,0.9755346103726114
expt_gap,chalcogenide,5,ensemble_std,0.700493305144468,0.9412484968940091
expt_gap,chalcogenide,5,ensemble_std,0.8005637773079634,0.89191816759307
expt_gap,chalcogenide,5,ensemble_std,0.9006342494714588,0.8726894186418984
expt_gap,chalcogenide,5,ensemble_std,1.0,0.8478880020370532
expt_gap,chalcogenide,5,descriptor_distance,0.10007047216349542,0.6829132412280428
expt_gap,chalcogenide,5,descriptor_distance,0.20014094432699084,0.7283807927283411
expt_gap,chalcogenide,5,descriptor_distance,0.30021141649048627,0.8450738883543698
expt_gap,chalcogenide,5,descriptor_distance,0.4002818886539817,0.8770073018151852
expt_gap,chalcogenide,5,descriptor_distance,0.5003523608174771,0.8781697835892182
expt_gap,chalcogenide,5,descriptor_distance,0.6004228329809725,0.8712637300606582
expt_gap,chalcogenide,5,descriptor_distance,0.700493305144468,0.8733210175451553
expt_gap,chalcogenide,5,descriptor_distance,0.8005637773079634,0.8552965040836717
expt_gap,chalcogenide,5,descriptor_distance,0.9006342494714588,0.8531418842777887
expt_gap,chalcogenide,5,descriptor_distance,1.0,0.8478880020370522
expt_gap,chalcogenide,5,equal_rank_hybrid,0.10007047216349542,0.7543772091199905
expt_gap,chalcogenide,5,equal_rank_hybrid,0.20014094432699084,0.797621966415357
expt_gap,chalcogenide,5,equal_rank_hybrid,0.30021141649048627,0.8605690272850803
expt_gap,chalcogenide,5,equal_rank_hybrid,0.4002818886539817,0.8791191985396549
expt_gap,chalcogenide,5,equal_rank_hybrid,0.5003523608174771,0.8865274035433692
expt_gap,chalcogenide,5,equal_rank_hybrid,0.6004228329809725,0.895170328005999
expt_gap,chalcogenide,5,equal_rank_hybrid,0.700493305144468,0.915138340360262
expt_gap,chalcogenide,5,equal_rank_hybrid,0.8005637773079634,0.9055931131101898
expt_gap,chalcogenide,5,equal_rank_hybrid,0.9006342494714588,0.8651802424847987
expt_gap,chalcogenide,5,equal_rank_hybrid,1.0,0.8478880020370521
expt_gap,chalcogenide,6,ensemble_std,0.10007047216349542,1.127105400429969
expt_gap,chalcogenide,6,ensemble_std,0.20014094432699084,1.127631690971692
expt_gap,chalcogenide,6,ensemble_std,0.30021141649048627,1.0996656361191406
expt_gap,chalcogenide,6,ensemble_std,0.4002818886539817,1.0420172026789853
expt_gap,chalcogenide,6,ensemble_std,0.5003523608174771,0.9805363175359568
expt_gap,chalcogenide,6,ensemble_std,0.6004228329809725,0.9406221040444058
expt_gap,chalcogenide,6,ensemble_std,0.700493305144468,0.9149819643178623
expt_gap,chalcogenide,6,ensemble_std,0.8005637773079634,0.8690273468983591
expt_gap,chalcogenide,6,ensemble_std,0.9006342494714588,0.8490430200103656
expt_gap,chalcogenide,6,ensemble_std,1.0,0.8408850591479714
expt_gap,chalcogenide,6,descriptor_distance,0.10007047216349542,0.6285722054650396
expt_gap,chalcogenide,6,descriptor_distance,0.20014094432699084,0.7081139060049034
expt_gap,chalcogenide,6,descriptor_distance,0.30021141649048627,0.8227103154928423
expt_gap,chalcogenide,6,descriptor_distance,0.4002818886539817,0.8597997959138318
expt_gap,chalcogenide,6,descriptor_distance,0.5003523608174771,0.8712680657997296
expt_gap,chalcogenide,6,descriptor_distance,0.6004228329809725,0.8786284998827956
expt_gap,chalcogenide,6,descriptor_distance,0.700493305144468,0.8707898536551343
expt_gap,chalcogenide,6,descriptor_distance,0.8005637773079634,0.8581954435390412
expt_gap,chalcogenide,6,descriptor_distance,0.9006342494714588,0.8474955400111231
expt_gap,chalcogenide,6,descriptor_distance,1.0,0.8408850591479733
expt_gap,chalcogenide,6,equal_rank_hybrid,0.10007047216349542,0.6394546067316133
expt_gap,chalcogenide,6,equal_rank_hybrid,0.20014094432699084,0.8011038196925455
expt_gap,chalcogenide,6,equal_rank_hybrid,0.30021141649048627,0.8774116305901081
expt_gap,chalcogenide,6,equal_rank_hybrid,0.4002818886539817,0.93423787311462
expt_gap,chalcogenide,6,equal_rank_hybrid,0.5003523608174771,0.9516772681356094
expt_gap,chalcogenide,6,equal_rank_hybrid,0.6004228329809725,0.9388704019900637
expt_gap,chalcogenide,6,equal_rank_hybrid,0.700493305144468,0.9127898017210702
expt_gap,chalcogenide,6,equal_rank_hybrid,0.8005637773079634,0.8916639126405447
expt_gap,chalcogenide,6,equal_rank_hybrid,0.9006342494714588,0.8609645345662769
expt_gap,chalcogenide,6,equal_rank_hybrid,1.0,0.8408850591479727
expt_gap,chalcogenide,7,ensemble_std,0.10007047216349542,0.6756146724416868
expt_gap,chalcogenide,7,ensemble_std,0.20014094432699084,0.8343286272099351
expt_gap,chalcogenide,7,ensemble_std,0.30021141649048627,0.8180196903254203
expt_gap,chalcogenide,7,ensemble_std,0.4002818886539817,0.8228721363860072
expt_gap,chalcogenide,7,ensemble_std,0.5003523608174771,0.8132282598500253
expt_gap,chalcogenide,7,ensemble_std,0.6004228329809725,0.7942758989369372
expt_gap,chalcogenide,7,ensemble_std,0.700493305144468,0.800641574876776
expt_gap,chalcogenide,7,ensemble_std,0.8005637773079634,0.7975225588010089
expt_gap,chalcogenide,7,ensemble_std,0.9006342494714588,0.8080793926068418
expt_gap,chalcogenide,7,ensemble_std,1.0,0.8136084437456484
expt_gap,chalcogenide,7,descriptor_distance,0.10007047216349542,0.6866857577031991
expt_gap,chalcogenide,7,descriptor_distance,0.20014094432699084,0.748847881284735
expt_gap,chalcogenide,7,descriptor_distance,0.30021141649048627,0.8348297220061751
expt_gap,chalcogenide,7,descriptor_distance,0.4002818886539817,0.8692470123906435
expt_gap,chalcogenide,7,descriptor_distance,0.5003523608174771,0.8684448507137116
expt_gap,chalcogenide,7,descriptor_distance,0.6004228329809725,0.8692161780242076
expt_gap,chalcogenide,7,descriptor_distance,0.700493305144468,0.865792237070518
expt_gap,chalcogenide,7,descriptor_distance,0.8005637773079634,0.8392446418302688
expt_gap,chalcogenide,7,descriptor_distance,0.9006342494714588,0.8271293009307776
expt_gap,chalcogenide,7,descriptor_distance,1.0,0.8136084437456469
expt_gap,chalcogenide,7,equal_rank_hybrid,0.10007047216349542,0.6701349264513621
expt_gap,chalcogenide,7,equal_rank_hybrid,0.20014094432699084,0.8011509500848214
expt_gap,chalcogenide,7,equal_rank_hybrid,0.30021141649048627,0.8260314138917573
expt_gap,chalcogenide,7,equal_rank_hybrid,0.4002818886539817,0.8559861044880626
expt_gap,chalcogenide,7,equal_rank_hybrid,0.5003523608174771,0.8627935714911692
expt_gap,chalcogenide,7,equal_rank_hybrid,0.6004228329809725,0.8488149258361203
expt_gap,chalcogenide,7,equal_rank_hybrid,0.700493305144468,0.8503071883694179
expt_gap,chalcogenide,7,equal_rank_hybrid,0.8005637773079634,0.8440107823320462
expt_gap,chalcogenide,7,equal_rank_hybrid,0.9006342494714588,0.8252346560551646
expt_gap,chalcogenide,7,equal_rank_hybrid,1.0,0.8136084437456473
expt_gap,chalcogenide,8,ensemble_std,0.10007047216349542,0.8056632112923839
expt_gap,chalcogenide,8,ensemble_std,0.20014094432699084,0.7476504492915492
expt_gap,chalcogenide,8,ensemble_std,0.30021141649048627,0.7798884397184541
expt_gap,chalcogenide,8,ensemble_std,0.4002818886539817,0.8287633548163592
expt_gap,chalcogenide,8,ensemble_std,0.5003523608174771,0.8594646326018612
expt_gap,chalcogenide,8,ensemble_std,0.6004228329809725,0.8734769687253825
expt_gap,chalcogenide,8,ensemble_std,0.700493305144468,0.8715879753524364
expt_gap,chalcogenide,8,ensemble_std,0.8005637773079634,0.8375228972154296
expt_gap,chalcogenide,8,ensemble_std,0.9006342494714588,0.8316380470221117
expt_gap,chalcogenide,8,ensemble_std,1.0,0.8193080968646673
expt_gap,chalcogenide,8,descriptor_distance,0.10007047216349542,0.6385091587053714
expt_gap,chalcogenide,8,descriptor_distance,0.20014094432699084,0.7254563419188464
expt_gap,chalcogenide,8,descriptor_distance,0.30021141649048627,0.8139066462682204
expt_gap,chalcogenide,8,descriptor_distance,0.4002818886539817,0.843487192199643
expt_gap,chalcogenide,8,descriptor_distance,0.5003523608174771,0.8488761436471626
expt_gap,chalcogenide,8,descriptor_distance,0.6004228329809725,0.854877313726861
expt_gap,chalcogenide,8,descriptor_distance,0.700493305144468,0.8464333301291332
expt_gap,chalcogenide,8,descriptor_distance,0.8005637773079634,0.8275543871251021
expt_gap,chalcogenide,8,descriptor_distance,0.9006342494714588,0.827923256089106
expt_gap,chalcogenide,8,descriptor_distance,1.0,0.8193080968646642
expt_gap,chalcogenide,8,equal_rank_hybrid,0.10007047216349542,0.659481326290703
expt_gap,chalcogenide,8,equal_rank_hybrid,0.20014094432699084,0.7419509682866798
expt_gap,chalcogenide,8,equal_rank_hybrid,0.30021141649048627,0.7796295039996257
expt_gap,chalcogenide,8,equal_rank_hybrid,0.4002818886539817,0.8113625087001444
expt_gap,chalcogenide,8,equal_rank_hybrid,0.5003523608174771,0.8360327374882122
expt_gap,chalcogenide,8,equal_rank_hybrid,0.6004228329809725,0.8507869066209744
expt_gap,chalcogenide,8,equal_rank_hybrid,0.700493305144468,0.8636821854035476
expt_gap,chalcogenide,8,equal_rank_hybrid,0.8005637773079634,0.8522024893641744
expt_gap,chalcogenide,8,equal_rank_hybrid,0.9006342494714588,0.8182995154949559
expt_gap,chalcogenide,8,equal_rank_hybrid,1.0,0.8193080968646661
expt_gap,chalcogenide,9,ensemble_std,0.10007047216349542,0.9684337929754123
expt_gap,chalcogenide,9,ensemble_std,0.20014094432699084,0.9663649521977679
expt_gap,chalcogenide,9,ensemble_std,0.30021141649048627,0.9803485723694426
expt_gap,chalcogenide,9,ensemble_std,0.4002818886539817,1.038322941582571
expt_gap,chalcogenide,9,ensemble_std,0.5003523608174771,0.989693333619085
expt_gap,chalcogenide,9,ensemble_std,0.6004228329809725,0.9375903176416495
expt_gap,chalcogenide,9,ensemble_std,0.700493305144468,0.8977378599698477
expt_gap,chalcogenide,9,ensemble_std,0.8005637773079634,0.8668249112030718
expt_gap,chalcogenide,9,ensemble_std,0.9006342494714588,0.85437074702631
expt_gap,chalcogenide,9,ensemble_std,1.0,0.8276460166174396
expt_gap,chalcogenide,9,descriptor_distance,0.10007047216349542,0.6964906278817528
expt_gap,chalcogenide,9,descriptor_distance,0.20014094432699084,0.7161373409096529
expt_gap,chalcogenide,9,descriptor_distance,0.30021141649048627,0.8127727079551905
expt_gap,chalcogenide,9,descriptor_distance,0.4002818886539817,0.8446501700128903
expt_gap,chalcogenide,9,descriptor_distance,0.5003523608174771,0.8491670419411984
expt_gap,chalcogenide,9,descriptor_distance,0.6004228329809725,0.8484935401560291
expt_gap,chalcogenide,9,descriptor_distance,0.700493305144468,0.8405008322101589
expt_gap,chalcogenide,9,descriptor_distance,0.8005637773079634,0.8455386786221276
expt_gap,chalcogenide,9,descriptor_distance,0.9006342494714588,0.8396825323360706
expt_gap,chalcogenide,9,descriptor_distance,1.0,0.8276460166174384
expt_gap,chalcogenide,9,equal_rank_hybrid,0.10007047216349542,0.7095077895976775
expt_gap,chalcogenide,9,equal_rank_hybrid,0.20014094432699084,0.8651426056060768
expt_gap,chalcogenide,9,equal_rank_hybrid,0.30021141649048627,0.8915058169749848
expt_gap,chalcogenide,9,equal_rank_hybrid,0.4002818886539817,0.9061079901702388
expt_gap,chalcogenide,9,equal_rank_hybrid,0.5003523608174771,0.9063432400947539
expt_gap,chalcogenide,9,equal_rank_hybrid,0.6004228329809725,0.9198840382345584
expt_gap,chalcogenide,9,equal_rank_hybrid,0.700493305144468,0.9055792273707741
expt_gap,chalcogenide,9,equal_rank_hybrid,0.8005637773079634,0.8718067299491119
expt_gap,chalcogenide,9,equal_rank_hybrid,0.9006342494714588,0.8441386377592932
expt_gap,chalcogenide,9,equal_rank_hybrid,1.0,0.8276460166174389
expt_gap,other,0,ensemble_std,0.10057471264367816,0.17332371598565124
expt_gap,other,0,ensemble_std,0.20043103448275862,0.36657815216158307
expt_gap,other,0,ensemble_std,0.30028735632183906,0.44507965623615814
expt_gap,other,0,ensemble_std,0.40014367816091956,0.47647830091991833
expt_gap,other,0,ensemble_std,0.5,0.555309089442795
expt_gap,other,0,ensemble_std,0.6005747126436781,0.6192525727259434
expt_gap,other,0,ensemble_std,0.7004310344827587,0.6979253080009382
expt_gap,other,0,ensemble_std,0.8002873563218391,0.7387310999908921
expt_gap,other,0,ensemble_std,0.9001436781609196,0.7681814615445473
expt_gap,other,0,ensemble_std,1.0,0.8539540935423042
expt_gap,other,0,descriptor_distance,0.10057471264367816,0.8720101339233683
expt_gap,other,0,descriptor_distance,0.20043103448275862,0.8519781092477569
expt_gap,other,0,descriptor_distance,0.30028735632183906,0.8511828901419062
expt_gap,other,0,descriptor_distance,0.40014367816091956,0.8443826914066884
expt_gap,other,0,descriptor_distance,0.5,0.8553833138569806
expt_gap,other,0,descriptor_distance,0.6005747126436781,0.863076007646535
expt_gap,other,0,descriptor_distance,0.7004310344827587,0.8628351422180036
expt_gap,other,0,descriptor_distance,0.8002873563218391,0.8667315269752943
expt_gap,other,0,descriptor_distance,0.9001436781609196,0.8693723327308108
expt_gap,other,0,descriptor_distance,1.0,0.853954093542304
expt_gap,other,0,equal_rank_hybrid,0.10057471264367816,0.19082243420889622
expt_gap,other,0,equal_rank_hybrid,0.20043103448275862,0.3780968579001645
expt_gap,other,0,equal_rank_hybrid,0.30028735632183906,0.44869427183205246
expt_gap,other,0,equal_rank_hybrid,0.40014367816091956,0.5258216170428791
expt_gap,other,0,equal_rank_hybrid,0.5,0.5803608432607965
expt_gap,other,0,equal_rank_hybrid,0.6005747126436781,0.6376871091689494
expt_gap,other,0,equal_rank_hybrid,0.7004310344827587,0.6964203955219638
expt_gap,other,0,equal_rank_hybrid,0.8002873563218391,0.7453880439979436
expt_gap,other,0,equal_rank_hybrid,0.9001436781609196,0.7734727154154047
expt_gap,other,0,equal_rank_hybrid,1.0,0.8539540935423036
expt_gap,other,1,ensemble_std,0.10057471264367816,0.3219063847217815
expt_gap,other,1,ensemble_std,0.20043103448275862,0.5307632381226726
expt_gap,other,1,ensemble_std,0.30028735632183906,0.5573618493651693
expt_gap,other,1,ensemble_std,0.40014367816091956,0.5979013804551424
expt_gap,other,1,ensemble_std,0.5,0.6220074898160831
expt_gap,other,1,ensemble_std,0.6005747126436781,0.6607480383637883
expt_gap,other,1,ensemble_std,0.7004310344827587,0.7454380353039911
expt_gap,other,1,ensemble_std,0.8002873563218391,0.7866486384304568
expt_gap,other,1,ensemble_std,0.9001436781609196,0.8291277083579429
expt_gap,other,1,ensemble_std,1.0,0.9191730447780251
expt_gap,other,1,descriptor_distance,0.10057471264367816,0.9293928037079487
expt_gap,other,1,descriptor_distance,0.20043103448275862,0.9282038386233098
expt_gap,other,1,descriptor_distance,0.30028735632183906,0.9470236944260036
expt_gap,other,1,descriptor_distance,0.40014367816091956,0.9460088438207005
expt_gap,other,1,descriptor_distance,0.5,0.9454024898200292
expt_gap,other,1,descriptor_distance,0.6005747126436781,0.9376764838270911
expt_gap,other,1,descriptor_distance,0.7004310344827587,0.9553895578171139
expt_gap,other,1,descriptor_distance,0.8002873563218391,0.9593047350036751
expt_gap,other,1,descriptor_distance,0.9001436781609196,0.9471186837930866
expt_gap,other,1,descriptor_distance,1.0,0.9191730447780241
expt_gap,other,1,equal_rank_hybrid,0.10057471264367816,0.34610258961004287
expt_gap,other,1,equal_rank_hybrid,0.20043103448275862,0.5560575314497633
expt_gap,other,1,equal_rank_hybrid,0.30028735632183906,0.5678231083486734
expt_gap,other,1,equal_rank_hybrid,0.40014367816091956,0.6293077495575933
expt_gap,other,1,equal_rank_hybrid,0.5,0.6492140725029649
expt_gap,other,1,equal_rank_hybrid,0.6005747126436781,0.6868226250085735
expt_gap,other,1,equal_rank_hybrid,0.7004310344827587,0.7441212500212271
expt_gap,other,1,equal_rank_hybrid,0.8002873563218391,0.7821606932987499
expt_gap,other,1,equal_rank_hybrid,0.9001436781609196,0.8288734387967924
expt_gap,other,1,equal_rank_hybrid,1.0,0.9191730447780251
expt_gap,other,2,ensemble_std,0.10057471264367816,0.10404340431163725
expt_gap,other,2,ensemble_std,0.20043103448275862,0.3043707145375466
expt_gap,other,2,ensemble_std,0.30028735632183906,0.41818501734215796
expt_gap,other,2,ensemble_std,0.40014367816091956,0.5025206981424895
expt_gap,other,2,ensemble_std,0.5,0.5639211876118069
expt_gap,other,2,ensemble_std,0.6005747126436781,0.6096364013814444
expt_gap,other,2,ensemble_std,0.7004310344827587,0.6570800346440933
expt_gap,other,2,ensemble_std,0.8002873563218391,0.6815517691313644
expt_gap,other,2,ensemble_std,0.9001436781609196,0.7328858571341887
expt_gap,other,2,ensemble_std,1.0,0.8641762188296973
expt_gap,other,2,descriptor_distance,0.10057471264367816,0.8669134910369992
expt_gap,other,2,descriptor_distance,0.20043103448275862,0.8344775417534828
expt_gap,other,2,descriptor_distance,0.30028735632183906,0.8582630438673909
expt_gap,other,2,descriptor_distance,0.40014367816091956,0.8563704739238568
expt_gap,other,2,descriptor_distance,0.5,0.8665957278153663
expt_gap,other,2,descriptor_distance,0.6005747126436781,0.872824870801924
expt_gap,other,2,descriptor_distance,0.7004310344827587,0.8780224571042472
expt_gap,other,2,descriptor_distance,0.8002873563218391,0.8826825636736144
expt_gap,other,2,descriptor_distance,0.9001436781609196,0.8784567293706393
expt_gap,other,2,descriptor_distance,1.0,0.8641762188296976
expt_gap,other,2,equal_rank_hybrid,0.10057471264367816,0.1355974751342845
expt_gap,other,2,equal_rank_hybrid,0.20043103448275862,0.329845693846531
expt_gap,other,2,equal_rank_hybrid,0.30028735632183906,0.43003649940097427
expt_gap,other,2,equal_rank_hybrid,0.40014367816091956,0.5113512803615684
expt_gap,other,2,equal_rank_hybrid,0.5,0.5733895098188735
expt_gap,other,2,equal_rank_hybrid,0.6005747126436781,0.6180515870245017
expt_gap,other,2,equal_rank_hybrid,0.7004310344827587,0.6673391371423183
expt_gap,other,2,equal_rank_hybrid,0.8002873563218391,0.6952844343852486
expt_gap,other,2,equal_rank_hybrid,0.9001436781609196,0.7423702673685493
expt_gap,other,2,equal_rank_hybrid,1.0,0.8641762188296973
expt_gap,other,3,ensemble_std,0.10057471264367816,0.2273711450593058
expt_gap,other,3,ensemble_std,0.20043103448275862,0.43274161136205475
expt_gap,other,3,ensemble_std,0.30028735632183906,0.5512960242968421
expt_gap,other,3,ensemble_std,0.40014367816091956,0.5868447537256032
expt_gap,other,3,ensemble_std,0.5,0.6657293085410759
expt_gap,other,3,ensemble_std,0.6005747126436781,0.7256577816726567
expt_gap,other,3,ensemble_std,0.7004310344827587,0.7487121037917215
expt_gap,other,3,ensemble_std,0.8002873563218391,0.8324828682071223
expt_gap,other,3,ensemble_std,0.9001436781609196,0.9223077682196874
expt_gap,other,3,ensemble_std,1.0,0.9932578890424811
expt_gap,other,3,descriptor_distance,0.10057471264367816,0.8764009247012907
expt_gap,other,3,descriptor_distance,0.20043103448275862,0.9241935069565039
expt_gap,other,3,descriptor_distance,0.30028735632183906,0.9357301052560875
expt_gap,other,3,descriptor_distance,0.40014367816091956,0.935643344178761
expt_gap,other,3,descriptor_distance,0.5,0.9449303004919333
expt_gap,other,3,descriptor_distance,0.6005747126436781,0.9632134410502436
expt_gap,other,3,descriptor_distance,0.7004310344827587,0.9779977788886314
expt_gap,other,3,descriptor_distance,0.8002873563218391,1.009243603800198
expt_gap,other,3,descriptor_distance,0.9001436781609196,1.0033881650304655
expt_gap,other,3,descriptor_distance,1.0,0.9932578890424792
expt_gap,other,3,equal_rank_hybrid,0.10057471264367816,0.2541126410310918
expt_gap,other,3,equal_rank_hybrid,0.20043103448275862,0.45462983276430824
expt_gap,other,3,equal_rank_hybrid,0.30028735632183906,0.548042592236146
expt_gap,other,3,equal_rank_hybrid,0.40014367816091956,0.5983121360221412
expt_gap,other,3,equal_rank_hybrid,0.5,0.6699043802296442
expt_gap,other,3,equal_rank_hybrid,0.6005747126436781,0.7367655599576359
expt_gap,other,3,equal_rank_hybrid,0.7004310344827587,0.7627726625605876
expt_gap,other,3,equal_rank_hybrid,0.8002873563218391,0.8292685162062031
expt_gap,other,3,equal_rank_hybrid,0.9001436781609196,0.9077449310760625
expt_gap,other,3,equal_rank_hybrid,1.0,0.9932578890424807
expt_gap,other,4,ensemble_std,0.10057471264367816,0.29761686605644594
expt_gap,other,4,ensemble_std,0.20043103448275862,0.4191417516584514
expt_gap,other,4,ensemble_std,0.30028735632183906,0.5314097092289902
expt_gap,other,4,ensemble_std,0.40014367816091956,0.6242287365671693
expt_gap,other,4,ensemble_std,0.5,0.6420361598654949
expt_gap,other,4,ensemble_std,0.6005747126436781,0.671032760891006
expt_gap,other,4,ensemble_std,0.7004310344827587,0.704607473846205
expt_gap,other,4,ensemble_std,0.8002873563218391,0.7675257476130102
expt_gap,other,4,ensemble_std,0.9001436781609196,0.8430406589681712
expt_gap,other,4,ensemble_std,1.0,0.9322578869091361
expt_gap,other,4,descriptor_distance,0.10057471264367816,0.9288967371052812
expt_gap,other,4,descriptor_distance,0.20043103448275862,0.9508753794843369
expt_gap,other,4,descriptor_distance,0.30028735632183906,0.9537757971042223
expt_gap,other,4,descriptor_distance,0.40014367816091956,0.9742296251830289
expt_gap,other,4,descriptor_distance,0.5,0.974032444534664
expt_gap,other,4,descriptor_distance,0.6005747126436781,0.9841377322984521
expt_gap,other,4,descriptor_distance,0.7004310344827587,0.9689049649452168
expt_gap,other,4,descriptor_distance,0.8002873563218391,0.9733513203337415
expt_gap,other,4,descriptor_distance,0.9001436781609196,0.9628580678345985
expt_gap,other,4,descriptor_distance,1.0,0.9322578869091375
expt_gap,other,4,equal_rank_hybrid,0.10057471264367816,0.36053076949180013
expt_gap,other,4,equal_rank_hybrid,0.20043103448275862,0.4800090755732364
expt_gap,other,4,equal_rank_hybrid,0.30028735632183906,0.5605956822986825
expt_gap,other,4,equal_rank_hybrid,0.40014367816091956,0.6346081093085301
expt_gap,other,4,equal_rank_hybrid,0.5,0.647640521529029
expt_gap,other,4,equal_rank_hybrid,0.6005747126436781,0.6719292332924652
expt_gap,other,4,equal_rank_hybrid,0.7004310344827587,0.6985459649335154
expt_gap,other,4,equal_rank_hybrid,0.8002873563218391,0.7585824437281637
expt_gap,other,4,equal_rank_hybrid,0.9001436781609196,0.8416631667074652
expt_gap,other,4,equal_rank_hybrid,1.0,0.9322578869091359
expt_gap,other,5,ensemble_std,0.10057471264367816,0.36085570133438005
expt_gap,other,5,ensemble_std,0.20043103448275862,0.47402423171064323
expt_gap,other,5,ensemble_std,0.30028735632183906,0.4908490442791156
expt_gap,other,5,ensemble_std,0.40014367816091956,0.5476774464102244
expt_gap,other,5,ensemble_std,0.5,0.5909882594834078
expt_gap,other,5,ensemble_std,0.6005747126436781,0.6147942513930054
expt_gap,other,5,ensemble_std,0.7004310344827587,0.6596946147707409
expt_gap,other,5,ensemble_std,0.8002873563218391,0.7395943005381865
expt_gap,other,5,ensemble_std,0.9001436781609196,0.8321315932995785
expt_gap,other,5,ensemble_std,1.0,0.9493561343933734
expt_gap,other,5,descriptor_distance,0.10057471264367816,0.9611766151433188
expt_gap,other,5,descriptor_distance,0.20043103448275862,0.9768655562923825
expt_gap,other,5,descriptor_distance,0.30028735632183906,0.993513195423251
expt_gap,other,5,descriptor_distance,0.40014367816091956,0.9839242892035894
expt_gap,other,5,descriptor_distance,0.5,1.0046427049805904
expt_gap,other,5,descriptor_distance,0.6005747126436781,0.9846342709588977
expt_gap,other,5,descriptor_distance,0.7004310344827587,0.9996903917462661
expt_gap,other,5,descriptor_distance,0.8002873563218391,0.9908796069392971
expt_gap,other,5,descriptor_distance,0.9001436781609196,0.9801379451164045
expt_gap,other,5,descriptor_distance,1.0,0.9493561343933743
expt_gap,other,5,equal_rank_hybrid,0.10057471264367816,0.3250985011729343
expt_gap,other,5,equal_rank_hybrid,0.20043103448275862,0.4936805752953741
expt_gap,other,5,equal_rank_hybrid,0.30028735632183906,0.5026335501347701
expt_gap,other,5,equal_rank_hybrid,0.40014367816091956,0.5658214778511803
expt_gap,other,5,equal_rank_hybrid,0.5,0.6179476615631208
expt_gap,other,5,equal_rank_hybrid,0.6005747126436781,0.6372455669262235
expt_gap,other,5,equal_rank_hybrid,0.7004310344827587,0.674535062210837
expt_gap,other,5,equal_rank_hybrid,0.8002873563218391,0.7461768263973428
expt_gap,other,5,equal_rank_hybrid,0.9001436781609196,0.8368148318644437
expt_gap,other,5,equal_rank_hybrid,1.0,0.9493561343933741
expt_gap,other,6,ensemble_std,0.10057471264367816,0.2508186946069803
expt_gap,other,6,ensemble_std,0.20043103448275862,0.4751719058898091
expt_gap,other,6,ensemble_std,0.30028735632183906,0.5652108891165324
expt_gap,other,6,ensemble_std,0.40014367816091956,0.5833415265905557
expt_gap,other,6,ensemble_std,0.5,0.5992869137003253
expt_gap,other,6,ensemble_std,0.6005747126436781,0.6172131406020889
expt_gap,other,6,ensemble_std,0.7004310344827587,0.6503073542952064
expt_gap,other,6,ensemble_std,0.8002873563218391,0.7226008556563183
expt_gap,other,6,ensemble_std,0.9001436781609196,0.764323267043904
expt_gap,other,6,ensemble_std,1.0,0.8306086870565527
expt_gap,other,6,descriptor_distance,0.10057471264367816,0.8581596288369367
expt_gap,other,6,descriptor_distance,0.20043103448275862,0.854819581821255
expt_gap,other,6,descriptor_distance,0.30028735632183906,0.87495244618951
expt_gap,other,6,descriptor_distance,0.40014367816091956,0.8594743915579738
expt_gap,other,6,descriptor_distance,0.5,0.8477761463215016
expt_gap,other,6,descriptor_distance,0.6005747126436781,0.8500884747990164
expt_gap,other,6,descriptor_distance,0.7004310344827587,0.8517271361776043
expt_gap,other,6,descriptor_distance,0.8002873563218391,0.8608786416012976
expt_gap,other,6,descriptor_distance,0.9001436781609196,0.8519085424394537
expt_gap,other,6,descriptor_distance,1.0,0.8306086870565522
expt_gap,other,6,equal_rank_hybrid,0.10057471264367816,0.2637798438223482
expt_gap,other,6,equal_rank_hybrid,0.20043103448275862,0.4633811776413052
expt_gap,other,6,equal_rank_hybrid,0.30028735632183906,0.5590377383793774
expt_gap,other,6,equal_rank_hybrid,0.40014367816091956,0.5940945948882062
expt_gap,other,6,equal_rank_hybrid,0.5,0.6132174734176868
expt_gap,other,6,equal_rank_hybrid,0.6005747126436781,0.6390850373142448
expt_gap,other,6,equal_rank_hybrid,0.7004310344827587,0.6648125417710493
expt_gap,other,6,equal_rank_hybrid,0.8002873563218391,0.7222000101811644
expt_gap,other,6,equal_rank_hybrid,0.9001436781609196,0.7661428609530593
expt_gap,other,6,equal_rank_hybrid,1.0,0.8306086870565523
expt_gap,other,7,ensemble_std,0.10057471264367816,0.2572957762677693
expt_gap,other,7,ensemble_std,0.20043103448275862,0.4802315315636735
expt_gap,other,7,ensemble_std,0.30028735632183906,0.5749407195190751
expt_gap,other,7,ensemble_std,0.40014367816091956,0.6153873951296404
expt_gap,other,7,ensemble_std,0.5,0.6535704120873752
expt_gap,other,7,ensemble_std,0.6005747126436781,0.6804962276814852
expt_gap,other,7,ensemble_std,0.7004310344827587,0.7726926324644684
expt_gap,other,7,ensemble_std,0.8002873563218391,0.828984029670941
expt_gap,other,7,ensemble_std,0.9001436781609196,0.8776515135298966
expt_gap,other,7,ensemble_std,1.0,0.9453470635690087
expt_gap,other,7,descriptor_distance,0.10057471264367816,0.8807234104648263
expt_gap,other,7,descriptor_distance,0.20043103448275862,0.8874919970533044
expt_gap,other,7,descriptor_distance,0.30028735632183906,0.935358990874716
expt_gap,other,7,descriptor_distance,0.40014367816091956,0.9171531120931734
expt_gap,other,7,descriptor_distance,0.5,0.9521944047762132
expt_gap,other,7,descriptor_distance,0.6005747126436781,0.9676869842780506
expt_gap,other,7,descriptor_distance,0.7004310344827587,0.9753185631655855
expt_gap,other,7,descriptor_distance,0.8002873563218391,0.9819520834856518
expt_gap,other,7,descriptor_distance,0.9001436781609196,0.9729362709156775
expt_gap,other,7,descriptor_distance,1.0,0.9453470635690076
expt_gap,other,7,equal_rank_hybrid,0.10057471264367816,0.26525907152232214
expt_gap,other,7,equal_rank_hybrid,0.20043103448275862,0.4903668020443545
expt_gap,other,7,equal_rank_hybrid,0.30028735632183906,0.6055388758931814
expt_gap,other,7,equal_rank_hybrid,0.40014367816091956,0.6388890916580289
expt_gap,other,7,equal_rank_hybrid,0.5,0.6596424098307618
expt_gap,other,7,equal_rank_hybrid,0.6005747126436781,0.6952279980324783
expt_gap,other,7,equal_rank_hybrid,0.7004310344827587,0.7543335828938823
expt_gap,other,7,equal_rank_hybrid,0.8002873563218391,0.8373864694293609
expt_gap,other,7,equal_rank_hybrid,0.9001436781609196,0.8917825001767625
expt_gap,other,7,equal_rank_hybrid,1.0,0.9453470635690087
expt_gap,other,8,ensemble_std,0.10057471264367816,0.3486059567580238
expt_gap,other,8,ensemble_std,0.20043103448275862,0.4638537107091963
expt_gap,other,8,ensemble_std,0.30028735632183906,0.5652719853993914
expt_gap,other,8,ensemble_std,0.40014367816091956,0.6330989652054001
expt_gap,other,8,ensemble_std,0.5,0.6554944161614625
expt_gap,other,8,ensemble_std,0.6005747126436781,0.6713845813905726
expt_gap,other,8,ensemble_std,0.7004310344827587,0.692774987083781
expt_gap,other,8,ensemble_std,0.8002873563218391,0.7120309245743931
expt_gap,other,8,ensemble_std,0.9001436781609196,0.7374941251375374
expt_gap,other,8,ensemble_std,1.0,0.8429268772805731
expt_gap,other,8,descriptor_distance,0.10057471264367816,0.8032728825438679
expt_gap,other,8,descriptor_distance,0.20043103448275862,0.8633457607453188
expt_gap,other,8,descriptor_distance,0.30028735632183906,0.8837603128589813
expt_gap,other,8,descriptor_distance,0.40014367816091956,0.8658488919857392
expt_gap,other,8,descriptor_distance,0.5,0.867059768982062
expt_gap,other,8,descriptor_distance,0.6005747126436781,0.8725240870639726
expt_gap,other,8,descriptor_distance,0.7004310344827587,0.8829620589475794
expt_gap,other,8,descriptor_distance,0.8002873563218391,0.8794358443840625
expt_gap,other,8,descriptor_distance,0.9001436781609196,0.8662504978627195
expt_gap,other,8,descriptor_distance,1.0,0.8429268772805736
expt_gap,other,8,equal_rank_hybrid,0.10057471264367816,0.3959343935186836
expt_gap,other,8,equal_rank_hybrid,0.20043103448275862,0.5244016983913171
expt_gap,other,8,equal_rank_hybrid,0.30028735632183906,0.6021704554972096
expt_gap,other,8,equal_rank_hybrid,0.40014367816091956,0.6445070898758223
expt_gap,other,8,equal_rank_hybrid,0.5,0.6829413336106904
expt_gap,other,8,equal_rank_hybrid,0.6005747126436781,0.683889191119582
expt_gap,other,8,equal_rank_hybrid,0.7004310344827587,0.6925049423195415
expt_gap,other,8,equal_rank_hybrid,0.8002873563218391,0.711384933618744
expt_gap,other,8,equal_rank_hybrid,0.9001436781609196,0.7421601692179551
expt_gap,other,8,equal_rank_hybrid,1.0,0.8429268772805736
expt_gap,other,9,ensemble_std,0.10057471264367816,0.15972733166483377
expt_gap,other,9,ensemble_std,0.20043103448275862,0.3529685222092342
expt_gap,other,9,ensemble_std,0.30028735632183906,0.5430931376907074
expt_gap,other,9,ensemble_std,0.40014367816091956,0.6330554388490173
expt_gap,other,9,ensemble_std,0.5,0.7023103320664081
expt_gap,other,9,ensemble_std,0.6005747126436781,0.7606572228651912
expt_gap,other,9,ensemble_std,0.7004310344827587,0.7792772855276411
expt_gap,other,9,ensemble_std,0.8002873563218391,0.7981645013356463
expt_gap,other,9,ensemble_std,0.9001436781609196,0.8246347071625235
expt_gap,other,9,ensemble_std,1.0,0.9195501280738804
expt_gap,other,9,descriptor_distance,0.10057471264367816,0.9192900585966035
expt_gap,other,9,descriptor_distance,0.20043103448275862,0.9156782585956428
expt_gap,other,9,descriptor_distance,0.30028735632183906,0.9333757802755619
expt_gap,other,9,descriptor_distance,0.40014367816091956,0.9127226283164916
expt_gap,other,9,descriptor_distance,0.5,0.9378881200783511
expt_gap,other,9,descriptor_distance,0.6005747126436781,0.9448399475754007
expt_gap,other,9,descriptor_distance,0.7004310344827587,0.9550853247556665
expt_gap,other,9,descriptor_distance,0.8002873563218391,0.952737906077422
expt_gap,other,9,descriptor_distance,0.9001436781609196,0.9440762461789044
expt_gap,other,9,descriptor_distance,1.0,0.9195501280738809
expt_gap,other,9,equal_rank_hybrid,0.10057471264367816,0.1697694478071532
expt_gap,other,9,equal_rank_hybrid,0.20043103448275862,0.3839115062328914
expt_gap,other,9,equal_rank_hybrid,0.30028735632183906,0.5535158254067288
expt_gap,other,9,equal_rank_hybrid,0.40014367816091956,0.6578659738988216
expt_gap,other,9,equal_rank_hybrid,0.5,0.7205309926903243
expt_gap,other,9,equal_rank_hybrid,0.6005747126436781,0.7581221826966205
expt_gap,other,9,equal_rank_hybrid,0.7004310344827587,0.7853724640365207
expt_gap,other,9,equal_rank_hybrid,0.8002873563218391,0.8116811061969212
expt_gap,other,9,equal_rank_hybrid,0.9001436781609196,0.8416494213777602
expt_gap,other,9,equal_rank_hybrid,1.0,0.9195501280738807
expt_gap,oxide,0,ensemble_std,0.1,1.0627522935779814
expt_gap,oxide,0,ensemble_std,0.2,0.9205477771406728
expt_gap,oxide,0,ensemble_std,0.30091743119266057,0.924696265969803
expt_gap,oxide,0,ensemble_std,0.4,1.0174632977601115
expt_gap,oxide,0,ensemble_std,0.5,1.1697927913113568
expt_gap,oxide,0,ensemble_std,0.6,1.2926952864067784
expt_gap,oxide,0,ensemble_std,0.7009174311926606,1.4115725064075455
expt_gap,oxide,0,ensemble_std,0.8,1.4379222397323261
expt_gap,oxide,0,ensemble_std,0.9,1.4592792541396373
expt_gap,oxide,0,ensemble_std,1.0,1.49038117455874
expt_gap,oxide,0,descriptor_distance,0.1,1.5839066835348914
expt_gap,oxide,0,descriptor_distance,0.2,1.5346366651381378
expt_gap,oxide,0,descriptor_distance,0.30091743119266057,1.496131454282685
expt_gap,oxide,0,descriptor_distance,0.4,1.5555711658313072
expt_gap,oxide,0,descriptor_distance,0.5,1.5281078502393164
expt_gap,oxide,0,descriptor_distance,0.6,1.5268471820124565
expt_gap,oxide,0,descriptor_distance,0.7009174311926606,1.5154391907959182
expt_gap,oxide,0,descriptor_distance,0.8,1.5039138347257226
expt_gap,oxide,0,descriptor_distance,0.9,1.5058800058996995
expt_gap,oxide,0,descriptor_distance,1.0,1.4903811745587399
expt_gap,oxide,0,equal_rank_hybrid,0.1,1.6668283834825983
expt_gap,oxide,0,equal_rank_hybrid,0.2,1.2271145545394138
expt_gap,oxide,0,equal_rank_hybrid,0.30091743119266057,1.1607549515733961
expt_gap,oxide,0,equal_rank_hybrid,0.4,1.1415961912601185
expt_gap,oxide,0,equal_rank_hybrid,0.5,1.2047577366990458
expt_gap,oxide,0,equal_rank_hybrid,0.6,1.270093255129468
expt_gap,oxide,0,equal_rank_hybrid,0.7009174311926606,1.3276863045656564
expt_gap,oxide,0,equal_rank_hybrid,0.8,1.3699627270441437
expt_gap,oxide,0,equal_rank_hybrid,0.9,1.4379098094688931
expt_gap,oxide,0,equal_rank_hybrid,1.0,1.4903811745587405
expt_gap,oxide,1,ensemble_std,0.1,1.071743119266055
expt_gap,oxide,1,ensemble_std,0.2,0.9087477845832174
expt_gap,oxide,1,ensemble_std,0.30091743119266057,0.9725523798428019
expt_gap,oxide,1,ensemble_std,0.4,0.9596664780409438
expt_gap,oxide,1,ensemble_std,0.5,1.0969092712393353
expt_gap,oxide,1,ensemble_std,0.6,1.1934644972677244
expt_gap,oxide,1,ensemble_std,0.7009174311926606,1.2279534202124398
expt_gap,oxide,1,ensemble_std,0.8,1.2854436275969583
expt_gap,oxide,1,ensemble_std,0.9,1.384626898880831
expt_gap,oxide,1,ensemble_std,1.0,1.4826447312697513
expt_gap,oxide,1,descriptor_distance,0.1,1.7233361142546293
expt_gap,oxide,1,descriptor_distance,0.2,1.5976994885243445
expt_gap,oxide,1,descriptor_distance,0.30091743119266057,1.5217601661544544
expt_gap,oxide,1,descriptor_distance,0.4,1.5196224907478164
expt_gap,oxide,1,descriptor_distance,0.5,1.539800074936277
expt_gap,oxide,1,descriptor_distance,0.6,1.5269882888933508
expt_gap,oxide,1,descriptor_distance,0.7009174311926606,1.5445632383059706
expt_gap,oxide,1,descriptor_distance,0.8,1.5298296612020368
expt_gap,oxide,1,descriptor_distance,0.9,1.517440900541193
expt_gap,oxide,1,descriptor_distance,1.0,1.482644731269752
expt_gap,oxide,1,equal_rank_hybrid,0.1,1.5809028571963202
expt_gap,oxide,1,equal_rank_hybrid,0.2,1.2379696034794714
expt_gap,oxide,1,equal_rank_hybrid,0.30091743119266057,1.0536519961529824
expt_gap,oxide,1,equal_rank_hybrid,0.4,1.0420253381752198
expt_gap,oxide,1,equal_rank_hybrid,0.5,1.0883595398551484
expt_gap,oxide,1,equal_rank_hybrid,0.6,1.1729728197717044
expt_gap,oxide,1,equal_rank_hybrid,0.7009174311926606,1.2145253411388275
expt_gap,oxide,1,equal_rank_hybrid,0.8,1.294299942225684
expt_gap,oxide,1,equal_rank_hybrid,0.9,1.395637575736927
expt_gap,oxide,1,equal_rank_hybrid,1.0,1.4826447312697515
expt_gap,oxide,2,ensemble_std,0.1,0.7711926605504588
expt_gap,oxide,2,ensemble_std,0.2,0.9686176752184751
expt_gap,oxide,2,ensemble_std,0.30091743119266057,0.8803064148286579
expt_gap,oxide,2,ensemble_std,0.4,0.9131893570108457
expt_gap,oxide,2,ensemble_std,0.5,1.1137838063923786
expt_gap,oxide,2,ensemble_std,0.6,1.3299756533576628
expt_gap,oxide,2,ensemble_std,0.7009174311926606,1.4509795736002278
expt_gap,oxide,2,ensemble_std,0.8,1.515679733164246
expt_gap,oxide,2,ensemble_std,0.9,1.51066311289813
expt_gap,oxide,2,ensemble_std,1.0,1.4915373302766533
expt_gap,oxide,2,descriptor_distance,0.1,1.6628360430765938
expt_gap,oxide,2,descriptor_distance,0.2,1.6364430219936903
expt_gap,oxide,2,descriptor_distance,0.30091743119266057,1.6569625499966332
expt_gap,oxide,2,descriptor_distance,0.4,1.6100398943651064
expt_gap,oxide,2,descriptor_distance,0.5,1.6082626241784037
expt_gap,oxide,2,descriptor_distance,0.6,1.5576584273673302
expt_gap,oxide,2,descriptor_distance,0.7009174311926606,1.5420873771068
expt_gap,oxide,2,descriptor_distance,0.8,1.535797232798749
expt_gap,oxide,2,descriptor_distance,0.9,1.5095867060101904
expt_gap,oxide,2,descriptor_distance,1.0,1.4915373302766521
expt_gap,oxide,2,equal_rank_hybrid,0.1,1.3890811399662726
expt_gap,oxide,2,equal_rank_hybrid,0.2,1.1509471352675926
expt_gap,oxide,2,equal_rank_hybrid,0.30091743119266057,1.0274130678830569
expt_gap,oxide,2,equal_rank_hybrid,0.4,1.0175646641880602
expt_gap,oxide,2,equal_rank_hybrid,0.5,1.1397833749769541
expt_gap,oxide,2,equal_rank_hybrid,0.6,1.310612926797969
expt_gap,oxide,2,equal_rank_hybrid,0.7009174311926606,1.389076077231103
expt_gap,oxide,2,equal_rank_hybrid,0.8,1.412713515864085
expt_gap,oxide,2,equal_rank_hybrid,0.9,1.4779794138508269
expt_gap,oxide,2,equal_rank_hybrid,1.0,1.491537330276654
expt_gap,oxide,3,ensemble_std,0.1,0.7221100917431192
expt_gap,oxide,3,ensemble_std,0.2,0.773019179590796
expt_gap,oxide,3,ensemble_std,0.30091743119266057,0.9022164018028043
expt_gap,oxide,3,ensemble_std,0.4,0.9813842432476151
expt_gap,oxide,3,ensemble_std,0.5,1.073026609287138
expt_gap,oxide,3,ensemble_std,0.6,1.113174354846524
expt_gap,oxide,3,ensemble_std,0.7009174311926606,1.174033028667978
expt_gap,oxide,3,ensemble_std,0.8,1.2485683274377255
expt_gap,oxide,3,ensemble_std,0.9,1.3644028676964624
expt_gap,oxide,3,ensemble_std,1.0,1.4921473766178104
expt_gap,oxide,3,descriptor_distance,0.1,1.6415361006822744
expt_gap,oxide,3,descriptor_distance,0.2,1.5504558366907122
expt_gap,oxide,3,descriptor_distance,0.30091743119266057,1.4692211455161837
expt_gap,oxide,3,descriptor_distance,0.4,1.5400782720715733
expt_gap,oxide,3,descriptor_distance,0.5,1.5579560849170635
expt_gap,oxide,3,descriptor_distance,0.6,1.5481917259637719
expt_gap,oxide,3,descriptor_distance,0.7009174311926606,1.5401975593388897
expt_gap,oxide,3,descriptor_distance,0.8,1.5586164114898498
expt_gap,oxide,3,descriptor_distance,0.9,1.5248758639622881
expt_gap,oxide,3,descriptor_distance,1.0,1.4921473766178113
expt_gap,oxide,3,equal_rank_hybrid,0.1,1.365614312949411
expt_gap,oxide,3,equal_rank_hybrid,0.2,1.243158969993437
expt_gap,oxide,3,equal_rank_hybrid,0.30091743119266057,1.1301587268060556
expt_gap,oxide,3,equal_rank_hybrid,0.4,1.0869474685517735
expt_gap,oxide,3,equal_rank_hybrid,0.5,1.1139670311936625
expt_gap,oxide,3,equal_rank_hybrid,0.6,1.1290045373719964
expt_gap,oxide,3,equal_rank_hybrid,0.7009174311926606,1.1867159377101701
expt_gap,oxide,3,equal_rank_hybrid,0.8,1.2632347779002124
expt_gap,oxide,3,equal_rank_hybrid,0.9,1.3865382298171394
expt_gap,oxide,3,equal_rank_hybrid,1.0,1.4921473766178097
expt_gap,oxide,4,ensemble_std,0.1,0.7260550458715596
expt_gap,oxide,4,ensemble_std,0.2,0.8340535987330713
expt_gap,oxide,4,ensemble_std,0.30091743119266057,1.0006516202750504
expt_gap,oxide,4,ensemble_std,0.4,1.0042338667694173
expt_gap,oxide,4,ensemble_std,0.5,1.1058188948925762
expt_gap,oxide,4,ensemble_std,0.6,1.220440449405977
expt_gap,oxide,4,ensemble_std,0.7009174311926606,1.2751581746243374
expt_gap,oxide,4,ensemble_std,0.8,1.3836909371724633
expt_gap,oxide,4,ensemble_std,0.9,1.4868806978126328
expt_gap,oxide,4,ensemble_std,1.0,1.49837915542313
expt_gap,oxide,4,descriptor_distance,0.1,1.6498196201165851
expt_gap,oxide,4,descriptor_distance,0.2,1.6223371048586133
expt_gap,oxide,4,descriptor_distance,0.30091743119266057,1.6037581700719536
expt_gap,oxide,4,descriptor_distance,0.4,1.6202623966514706
expt_gap,oxide,4,descriptor_distance,0.5,1.572436849525822
expt_gap,oxide,4,descriptor_distance,0.6,1.5697227405643266
expt_gap,oxide,4,descriptor_distance,0.7009174311926606,1.5432706539886216
expt_gap,oxide,4,descriptor_distance,0.8,1.547045289053227
expt_gap,oxide,4,descriptor_distance,0.9,1.5360811379196584
expt_gap,oxide,4,descriptor_distance,1.0,1.498379155423131
expt_gap,oxide,4,equal_rank_hybrid,0.1,1.3605169787074547
expt_gap,oxide,4,equal_rank_hybrid,0.2,1.1946395653585078
expt_gap,oxide,4,equal_rank_hybrid,0.30091743119266057,1.1156461089111651
expt_gap,oxide,4,equal_rank_hybrid,0.4,1.176061123740369
expt_gap,oxide,4,equal_rank_hybrid,0.5,1.1162494256828863
expt_gap,oxide,4,equal_rank_hybrid,0.6,1.2408083725949504
expt_gap,oxide,4,equal_rank_hybrid,0.7009174311926606,1.3290703589824728
expt_gap,oxide,4,equal_rank_hybrid,0.8,1.3697227667881249
expt_gap,oxide,4,equal_rank_hybrid,0.9,1.4252815533641643
expt_gap,oxide,4,equal_rank_hybrid,1.0,1.4983791554231298
expt_gap,oxide,5,ensemble_std,0.1,0.6286238532110091
expt_gap,oxide,5,ensemble_std,0.2,0.8738921636085625
expt_gap,oxide,5,ensemble_std,0.30091743119266057,0.9142801710541745
expt_gap,oxide,5,ensemble_std,0.4,0.9613524856651371
expt_gap,oxide,5,ensemble_std,0.5,1.0897387062362518
expt_gap,oxide,5,ensemble_std,0.6,1.22182492684646
expt_gap,oxide,5,ensemble_std,0.7009174311926606,1.3279344857514814
expt_gap,oxide,5,ensemble_std,0.8,1.374730272760452
expt_gap,oxide,5,ensemble_std,0.9,1.4403842470070585
expt_gap,oxide,5,ensemble_std,1.0,1.4668723329932167
expt_gap,oxide,5,descriptor_distance,0.1,1.6581850583181887
expt_gap,oxide,5,descriptor_distance,0.2,1.4950498777732395
expt_gap,oxide,5,descriptor_distance,0.30091743119266057,1.4232313943441512
expt_gap,oxide,5,descriptor_distance,0.4,1.4691510984994167
expt_gap,oxide,5,descriptor_distance,0.5,1.4996215104305994
expt_gap,oxide,5,descriptor_distance,0.6,1.4893461651853932
expt_gap,oxide,5,descriptor_distance,0.7009174311926606,1.5164571949341379
expt_gap,oxide,5,descriptor_distance,0.8,1.5090007426848762
expt_gap,oxide,5,descriptor_distance,0.9,1.482376632338539
expt_gap,oxide,5,descriptor_distance,1.0,1.4668723329932174
expt_gap,oxide,5,equal_rank_hybrid,0.1,1.29270987778786
expt_gap,oxide,5,equal_rank_hybrid,0.2,1.2490320806137039
expt_gap,oxide,5,equal_rank_hybrid,0.30091743119266057,1.1304539240146712
expt_gap,oxide,5,equal_rank_hybrid,0.4,1.104888566607266
expt_gap,oxide,5,equal_rank_hybrid,0.5,1.142657390455021
expt_gap,oxide,5,equal_rank_hybrid,0.6,1.2208001031111837
expt_gap,oxide,5,equal_rank_hybrid,0.7009174311926606,1.2670834725622153
expt_gap,oxide,5,equal_rank_hybrid,0.8,1.3300572898141627
expt_gap,oxide,5,equal_rank_hybrid,0.9,1.3801444652437556
expt_gap,oxide,5,equal_rank_hybrid,1.0,1.466872332993217
expt_gap,oxide,6,ensemble_std,0.1,0.8931192660550458
expt_gap,oxide,6,ensemble_std,0.2,0.8676689102774134
expt_gap,oxide,6,ensemble_std,0.30091743119266057,0.9452468980845539
expt_gap,oxide,6,ensemble_std,0.4,0.9865548958260928
expt_gap,oxide,6,ensemble_std,0.5,1.121752547026813
expt_gap,oxide,6,ensemble_std,0.6,1.1714899984359812
expt_gap,oxide,6,ensemble_std,0.7009174311926606,1.3064520527210357
expt_gap,oxide,6,ensemble_std,0.8,1.376244958863062
expt_gap,oxide,6,ensemble_std,0.9,1.43110017999041
expt_gap,oxide,6,ensemble_std,1.0,1.4875162103053772
expt_gap,oxide,6,descriptor_distance,0.1,1.5701643527112867
expt_gap,oxide,6,descriptor_distance,0.2,1.5833548036964469
expt_gap,oxide,6,descriptor_distance,0.30091743119266057,1.5712942371315697
expt_gap,oxide,6,descriptor_distance,0.4,1.583177729750921
expt_gap,oxide,6,descriptor_distance,0.5,1.5523007571713647
expt_gap,oxide,6,descriptor_distance,0.6,1.5221115633345328
expt_gap,oxide,6,descriptor_distance,0.7009174311926606,1.5306953238170509
expt_gap,oxide,6,descriptor_distance,0.8,1.537672766157784
expt_gap,oxide,6,descriptor_distance,0.9,1.494058404761944
expt_gap,oxide,6,descriptor_distance,1.0,1.487516210305378
expt_gap,oxide,6,equal_rank_hybrid,0.1,1.4839681121178767
expt_gap,oxide,6,equal_rank_hybrid,0.2,1.212924235703453
expt_gap,oxide,6,equal_rank_hybrid,0.30091743119266057,1.0916908752642172
expt_gap,oxide,6,equal_rank_hybrid,0.4,1.098794108661784
expt_gap,oxide,6,equal_rank_hybrid,0.5,1.1646684005462102
expt_gap,oxide,6,equal_rank_hybrid,0.6,1.210813525987281
expt_gap,oxide,6,equal_rank_hybrid,0.7009174311926606,1.262664234483808
expt_gap,oxide,6,equal_rank_hybrid,0.8,1.35194518606371
expt_gap,oxide,6,equal_rank_hybrid,0.9,1.3986467292690854
expt_gap,oxide,6,equal_rank_hybrid,1.0,1.4875162103053774
expt_gap,oxide,7,ensemble_std,0.1,0.9322018348623852
expt_gap,oxide,7,ensemble_std,0.2,0.9763579451275918
expt_gap,oxide,7,ensemble_std,0.30091743119266057,0.9840217273344786
expt_gap,oxide,7,ensemble_std,0.4,0.9455178354858677
expt_gap,oxide,7,ensemble_std,0.5,1.0035665113686674
expt_gap,oxide,7,ensemble_std,0.6,1.0932671186309775
expt_gap,oxide,7,ensemble_std,0.7009174311926606,1.2288139315131046
expt_gap,oxide,7,ensemble_std,0.8,1.316767988286919
expt_gap,oxide,7,ensemble_std,0.9,1.3641981452555045
expt_gap,oxide,7,ensemble_std,1.0,1.4868866374391077
expt_gap,oxide,7,descriptor_distance,0.1,1.5106259753336542
expt_gap,oxide,7,descriptor_distance,0.2,1.5947257812088447
expt_gap,oxide,7,descriptor_distance,0.30091743119266057,1.5230829121512777
expt_gap,oxide,7,descriptor_distance,0.4,1.6006458995921076
expt_gap,oxide,7,descriptor_distance,0.5,1.5562011685487152
expt_gap,oxide,7,descriptor_distance,0.6,1.5179851464066154
expt_gap,oxide,7,descriptor_distance,0.7009174311926606,1.5457062812099962
expt_gap,oxide,7,descriptor_distance,0.8,1.5422776750164542
expt_gap,oxide,7,descriptor_distance,0.9,1.5210584655168777
expt_gap,oxide,7,descriptor_distance,1.0,1.486886637439112
expt_gap,oxide,7,equal_rank_hybrid,0.1,1.5234550975539638
expt_gap,oxide,7,equal_rank_hybrid,0.2,1.2300214886357492
expt_gap,oxide,7,equal_rank_hybrid,0.30091743119266057,1.0904549859655943
expt_gap,oxide,7,equal_rank_hybrid,0.4,1.006927888232518
expt_gap,oxide,7,equal_rank_hybrid,0.5,1.0328786669439787
expt_gap,oxide,7,equal_rank_hybrid,0.6,1.1206911835762903
expt_gap,oxide,7,equal_rank_hybrid,0.7009174311926606,1.2777291859201105
expt_gap,oxide,7,equal_rank_hybrid,0.8,1.3178631511662948
expt_gap,oxide,7,equal_rank_hybrid,0.9,1.3849640425884349
expt_gap,oxide,7,equal_rank_hybrid,1.0,1.4868866374391072
expt_gap,oxide,8,ensemble_std,0.1,0.9774311926605503
expt_gap,oxide,8,ensemble_std,0.2,0.9993667327435564
expt_gap,oxide,8,ensemble_std,0.30091743119266057,0.906571699906842
expt_gap,oxide,8,ensemble_std,0.4,0.9761172980498873
expt_gap,oxide,8,ensemble_std,0.5,1.1149768439188847
expt_gap,oxide,8,ensemble_std,0.6,1.1796183575435732
expt_gap,oxide,8,ensemble_std,0.7009174311926606,1.3243725883123159
expt_gap,oxide,8,ensemble_std,0.8,1.3607730857263394
expt_gap,oxide,8,ensemble_std,0.9,1.4363371493670456
expt_gap,oxide,8,ensemble_std,1.0,1.4886151327072388
expt_gap,oxide,8,descriptor_distance,0.1,1.5408692209919241
expt_gap,oxide,8,descriptor_distance,0.2,1.4998611510922157
expt_gap,oxide,8,descriptor_distance,0.30091743119266057,1.4307768863253096
expt_gap,oxide,8,descriptor_distance,0.4,1.5000539936344548
expt_gap,oxide,8,descriptor_distance,0.5,1.537204909678203
expt_gap,oxide,8,descriptor_distance,0.6,1.514231435338073
expt_gap,oxide,8,descriptor_distance,0.7009174311926606,1.5286929654197496
expt_gap,oxide,8,descriptor_distance,0.8,1.5289061914296431
expt_gap,oxide,8,descriptor_distance,0.9,1.521369479102312
expt_gap,oxide,8,descriptor_distance,1.0,1.488615132707239
expt_gap,oxide,8,equal_rank_hybrid,0.1,1.36745025127841
expt_gap,oxide,8,equal_rank_hybrid,0.2,1.1992396174830515
expt_gap,oxide,8,equal_rank_hybrid,0.30091743119266057,0.9953818864951093
expt_gap,oxide,8,equal_rank_hybrid,0.4,1.088354253314276
expt_gap,oxide,8,equal_rank_hybrid,0.5,1.1559342251498423
expt_gap,oxide,8,equal_rank_hybrid,0.6,1.2113976151083832
expt_gap,oxide,8,equal_rank_hybrid,0.7009174311926606,1.2799767498379004
expt_gap,oxide,8,equal_rank_hybrid,0.8,1.3400891612974712
expt_gap,oxide,8,equal_rank_hybrid,0.9,1.412680374946131
expt_gap,oxide,8,equal_rank_hybrid,1.0,1.4886151327072379
expt_gap,oxide,9,ensemble_std,0.1,1.1069724770642202
expt_gap,oxide,9,ensemble_std,0.2,0.9767228395190445
expt_gap,oxide,9,ensemble_std,0.30091743119266057,0.9928278111410292
expt_gap,oxide,9,ensemble_std,0.4,0.988292724857312
expt_gap,oxide,9,ensemble_std,0.5,1.0903844368711968
expt_gap,oxide,9,ensemble_std,0.6,1.1771591098722674
expt_gap,oxide,9,ensemble_std,0.7009174311926606,1.2735086097275325
expt_gap,oxide,9,ensemble_std,0.8,1.3440289911015348
expt_gap,oxide,9,ensemble_std,0.9,1.3755030429984008
expt_gap,oxide,9,ensemble_std,1.0,1.4862629622323915
expt_gap,oxide,9,descriptor_distance,0.1,1.4620143864407091
expt_gap,oxide,9,descriptor_distance,0.2,1.5217284178028259
expt_gap,oxide,9,descriptor_distance,0.30091743119266057,1.5368908447799534
expt_gap,oxide,9,descriptor_distance,0.4,1.6021058623307876
expt_gap,oxide,9,descriptor_distance,0.5,1.5202463276678935
expt_gap,oxide,9,descriptor_distance,0.6,1.5175824833882205
expt_gap,oxide,9,descriptor_distance,0.7009174311926606,1.5345599483413133
expt_gap,oxide,9,descriptor_distance,0.8,1.5348295610124194
expt_gap,oxide,9,descriptor_distance,0.9,1.5167485549399897
expt_gap,oxide,9,descriptor_distance,1.0,1.486262962232389
expt_gap,oxide,9,equal_rank_hybrid,0.1,1.5700387694275653
expt_gap,oxide,9,equal_rank_hybrid,0.2,1.212968474029119
expt_gap,oxide,9,equal_rank_hybrid,0.30091743119266057,1.0965254413326142
expt_gap,oxide,9,equal_rank_hybrid,0.4,1.03073642791391
expt_gap,oxide,9,equal_rank_hybrid,0.5,1.1080980512790193
expt_gap,oxide,9,equal_rank_hybrid,0.6,1.2106903672397078
expt_gap,oxide,9,equal_rank_hybrid,0.7009174311926606,1.2918433301134942
expt_gap,oxide,9,equal_rank_hybrid,0.8,1.320526041893425
expt_gap,oxide,9,equal_rank_hybrid,0.9,1.4137522757807808
expt_gap,oxide,9,equal_rank_hybrid,1.0,1.48626296223239
expt_gap,pnictide,0,ensemble_std,0.1,0.9918176059900246
expt_gap,pnictide,0,ensemble_std,0.2,0.704058450179802
expt_gap,pnictide,0,ensemble_std,0.30217391304347824,0.6120912683813984
expt_gap,pnictide,0,ensemble_std,0.4,0.5897021006527813
expt_gap,pnictide,0,ensemble_std,0.5,0.5471065726961211
expt_gap,pnictide,0,ensemble_std,0.6,0.5669056117909168
expt_gap,pnictide,0,ensemble_std,0.7021739130434783,0.5683546983784237
expt_gap,pnictide,0,ensemble_std,0.8,0.6380466160207588
expt_gap,pnictide,0,ensemble_std,0.9,0.6411830737026365
expt_gap,pnictide,0,ensemble_std,1.0,0.6302654106055209
expt_gap,pnictide,0,descriptor_distance,0.1,0.9161216825035224
expt_gap,pnictide,0,descriptor_distance,0.2,0.7653029583500164
expt_gap,pnictide,0,descriptor_distance,0.30217391304347824,0.7249707971172132
expt_gap,pnictide,0,descriptor_distance,0.4,0.6824604194348164
expt_gap,pnictide,0,descriptor_distance,0.5,0.6286092814217261
expt_gap,pnictide,0,descriptor_distance,0.6,0.6030334498258448
expt_gap,pnictide,0,descriptor_distance,0.7021739130434783,0.6177769019112606
expt_gap,pnictide,0,descriptor_distance,0.8,0.626360310194
expt_gap,pnictide,0,descriptor_distance,0.9,0.6008545887774038
expt_gap,pnictide,0,descriptor_distance,1.0,0.6302654106055217
expt_gap,pnictide,0,equal_rank_hybrid,0.1,0.6597183493858552
expt_gap,pnictide,0,equal_rank_hybrid,0.2,0.7380758456631107
expt_gap,pnictide,0,equal_rank_hybrid,0.30217391304347824,0.7484925420312221
expt_gap,pnictide,0,equal_rank_hybrid,0.4,0.7084580551264195
expt_gap,pnictide,0,equal_rank_hybrid,0.5,0.6592451070316533
expt_gap,pnictide,0,equal_rank_hybrid,0.6,0.6240720948691565
expt_gap,pnictide,0,equal_rank_hybrid,0.7021739130434783,0.6198728714744629
expt_gap,pnictide,0,equal_rank_hybrid,0.8,0.6356856654931392
expt_gap,pnictide,0,equal_rank_hybrid,0.9,0.6394602424614813
expt_gap,pnictide,0,equal_rank_hybrid,1.0,0.6302654106055212
expt_gap,pnictide,1,ensemble_std,0.1,0.8118373968784838
expt_gap,pnictide,1,ensemble_std,0.2,0.7077155490493804
expt_gap,pnictide,1,ensemble_std,0.30217391304347824,0.6601905205361447
expt_gap,pnictide,1,ensemble_std,0.4,0.5883335115098635
expt_gap,pnictide,1,ensemble_std,0.5,0.5687640118591829
expt_gap,pnictide,1,ensemble_std,0.6,0.5626574307918055
expt_gap,pnictide,1,ensemble_std,0.7021739130434783,0.5651797831764664
expt_gap,pnictide,1,ensemble_std,0.8,0.5958389535232449
expt_gap,pnictide,1,ensemble_std,0.9,0.6098801948014898
expt_gap,pnictide,1,ensemble_std,1.0,0.6223644097852465
expt_gap,pnictide,1,descriptor_distance,0.1,0.9616564159380177
expt_gap,pnictide,1,descriptor_distance,0.2,0.7582167333687697
expt_gap,pnictide,1,descriptor_distance,0.30217391304347824,0.7299251738236349
expt_gap,pnictide,1,descriptor_distance,0.4,0.7172204519979238
expt_gap,pnictide,1,descriptor_distance,0.5,0.6304669774109688
expt_gap,pnictide,1,descriptor_distance,0.6,0.6071111887955776
expt_gap,pnictide,1,descriptor_distance,0.7021739130434783,0.6047355829318373
expt_gap,pnictide,1,descriptor_distance,0.8,0.6217032689389211
expt_gap,pnictide,1,descriptor_distance,0.9,0.6023847204611835
expt_gap,pnictide,1,descriptor_distance,1.0,0.622364409785247
expt_gap,pnictide,1,equal_rank_hybrid,0.1,0.7284072411467307
expt_gap,pnictide,1,equal_rank_hybrid,0.2,0.7137903186987474
expt_gap,pnictide,1,equal_rank_hybrid,0.30217391304347824,0.7068922673461197
expt_gap,pnictide,1,equal_rank_hybrid,0.4,0.6441975998830923
expt_gap,pnictide,1,equal_rank_hybrid,0.5,0.6210815595985811
expt_gap,pnictide,1,equal_rank_hybrid,0.6,0.6237918882448297
expt_gap,pnictide,1,equal_rank_hybrid,0.7021739130434783,0.6272844393188275
expt_gap,pnictide,1,equal_rank_hybrid,0.8,0.640644633620812
expt_gap,pnictide,1,equal_rank_hybrid,0.9,0.6120275236932439
expt_gap,pnictide,1,equal_rank_hybrid,1.0,0.6223644097852468
expt_gap,pnictide,2,ensemble_std,0.1,0.7877107483609389
expt_gap,pnictide,2,ensemble_std,0.2,0.6156767046453243
expt_gap,pnictide,2,ensemble_std,0.30217391304347824,0.5948797190895831
expt_gap,pnictide,2,ensemble_std,0.4,0.6428596441657309
expt_gap,pnictide,2,ensemble_std,0.5,0.6100877555647752
expt_gap,pnictide,2,ensemble_std,0.6,0.6236874328042039
expt_gap,pnictide,2,ensemble_std,0.7021739130434783,0.5929137605621858
expt_gap,pnictide,2,ensemble_std,0.8,0.6054669854373131
expt_gap,pnictide,2,ensemble_std,0.9,0.5993662463914179
expt_gap,pnictide,2,ensemble_std,1.0,0.6173697796550617
expt_gap,pnictide,2,descriptor_distance,0.1,1.021784284889326
expt_gap,pnictide,2,descriptor_distance,0.2,0.7761970115749489
expt_gap,pnictide,2,descriptor_distance,0.30217391304347824,0.7833885245689327
expt_gap,pnictide,2,descriptor_distance,0.4,0.7442391979668707
expt_gap,pnictide,2,descriptor_distance,0.5,0.6650825318313608
expt_gap,pnictide,2,descriptor_distance,0.6,0.6319988771190829
expt_gap,pnictide,2,descriptor_distance,0.7021739130434783,0.6202819453463858
expt_gap,pnictide,2,descriptor_distance,0.8,0.6023281615228265
expt_gap,pnictide,2,descriptor_distance,0.9,0.5966906940142127
expt_gap,pnictide,2,descriptor_distance,1.0,0.6173697796550617
expt_gap,pnictide,2,equal_rank_hybrid,0.1,0.9123952810715856
expt_gap,pnictide,2,equal_rank_hybrid,0.2,0.8288662951423881
expt_gap,pnictide,2,equal_rank_hybrid,0.30217391304347824,0.7834434154152404
expt_gap,pnictide,2,equal_rank_hybrid,0.4,0.7278078120217041
expt_gap,pnictide,2,equal_rank_hybrid,0.5,0.7032408129960929
expt_gap,pnictide,2,equal_rank_hybrid,0.6,0.6864168509042832
expt_gap,pnictide,2,equal_rank_hybrid,0.7021739130434783,0.6367599324947241
expt_gap,pnictide,2,equal_rank_hybrid,0.8,0.6032059411503881
expt_gap,pnictide,2,equal_rank_hybrid,0.9,0.5934687109394171
expt_gap,pnictide,2,equal_rank_hybrid,1.0,0.6173697796550619
expt_gap,pnictide,3,ensemble_std,0.1,0.612665268072809
expt_gap,pnictide,3,ensemble_std,0.2,0.755037280572688
expt_gap,pnictide,3,ensemble_std,0.30217391304347824,0.6109316353186184
expt_gap,pnictide,3,ensemble_std,0.4,0.5439552109435704
expt_gap,pnictide,3,ensemble_std,0.5,0.5845593405179871
expt_gap,pnictide,3,ensemble_std,0.6,0.6130618874081758
expt_gap,pnictide,3,ensemble_std,0.7021739130434783,0.6382488811308524
expt_gap,pnictide,3,ensemble_std,0.8,0.6401454786768064
expt_gap,pnictide,3,ensemble_std,0.9,0.6402819340479652
expt_gap,pnictide,3,ensemble_std,1.0,0.650075463148773
expt_gap,pnictide,3,descriptor_distance,0.1,0.9333882356826004
expt_gap,pnictide,3,descriptor_distance,0.2,0.7753262864411183
expt_gap,pnictide,3,descriptor_distance,0.30217391304347824,0.7606143592518304
expt_gap,pnictide,3,descriptor_distance,0.4,0.7240816849237983
expt_gap,pnictide,3,descriptor_distance,0.5,0.6647694681394903
expt_gap,pnictide,3,descriptor_distance,0.6,0.6548061245338636
expt_gap,pnictide,3,descriptor_distance,0.7021739130434783,0.6523643826840373
expt_gap,pnictide,3,descriptor_distance,0.8,0.6496105704933213
expt_gap,pnictide,3,descriptor_distance,0.9,0.6306820676713867
expt_gap,pnictide,3,descriptor_distance,1.0,0.6500754631487725
expt_gap,pnictide,3,equal_rank_hybrid,0.1,0.6716913935159043
expt_gap,pnictide,3,equal_rank_hybrid,0.2,0.7184365438743017
expt_gap,pnictide,3,equal_rank_hybrid,0.30217391304347824,0.718841632391889
expt_gap,pnictide,3,equal_rank_hybrid,0.4,0.6905840689745039
expt_gap,pnictide,3,equal_rank_hybrid,0.5,0.6957963188098846
expt_gap,pnictide,3,equal_rank_hybrid,0.6,0.6966054257581866
expt_gap,pnictide,3,equal_rank_hybrid,0.7021739130434783,0.6756464729325624
expt_gap,pnictide,3,equal_rank_hybrid,0.8,0.6522194801980938
expt_gap,pnictide,3,equal_rank_hybrid,0.9,0.6401417166266375
expt_gap,pnictide,3,equal_rank_hybrid,1.0,0.6500754631487721
expt_gap,pnictide,4,ensemble_std,0.1,0.6861446376811593
expt_gap,pnictide,4,ensemble_std,0.2,0.7417214639648175
expt_gap,pnictide,4,ensemble_std,0.30217391304347824,0.6895285972985102
expt_gap,pnictide,4,ensemble_std,0.4,0.6442709326570272
expt_gap,pnictide,4,ensemble_std,0.5,0.6224061530286525
expt_gap,pnictide,4,ensemble_std,0.6,0.6184713287499355
expt_gap,pnictide,4,ensemble_std,0.7021739130434783,0.6314057964828822
expt_gap,pnictide,4,ensemble_std,0.8,0.6584383139246743
expt_gap,pnictide,4,ensemble_std,0.9,0.6682538830022033
expt_gap,pnictide,4,ensemble_std,1.0,0.688578338003609
expt_gap,pnictide,4,descriptor_distance,0.1,0.8901504050471738
expt_gap,pnictide,4,descriptor_distance,0.2,0.7386431466503391
expt_gap,pnictide,4,descriptor_distance,0.30217391304347824,0.7149471401525684
expt_gap,pnictide,4,descriptor_distance,0.4,0.7061483314150034
expt_gap,pnictide,4,descriptor_distance,0.5,0.6688197502842046
expt_gap,pnictide,4,descriptor_distance,0.6,0.6725053370188661
expt_gap,pnictide,4,descriptor_distance,0.7021739130434783,0.6777216723121104
expt_gap,pnictide,4,descriptor_distance,0.8,0.6875536188419721
expt_gap,pnictide,4,descriptor_distance,0.9,0.6709203169117428
expt_gap,pnictide,4,descriptor_distance,1.0,0.6885783380036098
expt_gap,pnictide,4,equal_rank_hybrid,0.1,0.6143644384149229
expt_gap,pnictide,4,equal_rank_hybrid,0.2,0.7339900683819888
expt_gap,pnictide,4,equal_rank_hybrid,0.30217391304347824,0.7482487665122903
expt_gap,pnictide,4,equal_rank_hybrid,0.4,0.7051144184927207
expt_gap,pnictide,4,equal_rank_hybrid,0.5,0.6794832605562041
expt_gap,pnictide,4,equal_rank_hybrid,0.6,0.6620358587573572
expt_gap,pnictide,4,equal_rank_hybrid,0.7021739130434783,0.6750041120297802
expt_gap,pnictide,4,equal_rank_hybrid,0.8,0.6716138938944102
expt_gap,pnictide,4,equal_rank_hybrid,0.9,0.6723785222716164
expt_gap,pnictide,4,equal_rank_hybrid,1.0,0.6885783380036092
expt_gap,pnictide,5,ensemble_std,0.1,0.7791051798654245
expt_gap,pnictide,5,ensemble_std,0.2,0.7195618512850374
expt_gap,pnictide,5,ensemble_std,0.30217391304347824,0.7442969936029197
expt_gap,pnictide,5,ensemble_std,0.4,0.711239869643113
expt_gap,pnictide,5,ensemble_std,0.5,0.6724232794603096
expt_gap,pnictide,5,ensemble_std,0.6,0.6404349905680362
expt_gap,pnictide,5,ensemble_std,0.7021739130434783,0.6482779055327955
expt_gap,pnictide,5,ensemble_std,0.8,0.6652323054702981
expt_gap,pnictide,5,ensemble_std,0.9,0.6304223085526844
expt_gap,pnictide,5,ensemble_std,1.0,0.6435509894890291
expt_gap,pnictide,5,descriptor_distance,0.1,0.9492675494659327
expt_gap,pnictide,5,descriptor_distance,0.2,0.7649371300271909
expt_gap,pnictide,5,descriptor_distance,0.30217391304347824,0.7843243922339063
expt_gap,pnictide,5,descriptor_distance,0.4,0.7036147871176535
expt_gap,pnictide,5,descriptor_distance,0.5,0.6596289647501901
expt_gap,pnictide,5,descriptor_distance,0.6,0.6252125308803193
expt_gap,pnictide,5,descriptor_distance,0.7021739130434783,0.641933120988135
expt_gap,pnictide,5,descriptor_distance,0.8,0.644214953796836
expt_gap,pnictide,5,descriptor_distance,0.9,0.6228006444958337
expt_gap,pnictide,5,descriptor_distance,1.0,0.6435509894890294
expt_gap,pnictide,5,equal_rank_hybrid,0.1,0.8876071091105185
expt_gap,pnictide,5,equal_rank_hybrid,0.2,0.7933195530050279
expt_gap,pnictide,5,equal_rank_hybrid,0.30217391304347824,0.7933756811707887
expt_gap,pnictide,5,equal_rank_hybrid,0.4,0.8131006552697307
expt_gap,pnictide,5,equal_rank_hybrid,0.5,0.7516820279765526
expt_gap,pnictide,5,equal_rank_hybrid,0.6,0.7048234414272322
expt_gap,pnictide,5,equal_rank_hybrid,0.7021739130434783,0.6671123339704496
expt_gap,pnictide,5,equal_rank_hybrid,0.8,0.649750969353548
expt_gap,pnictide,5,equal_rank_hybrid,0.9,0.6315605097808046
expt_gap,pnictide,5,equal_rank_hybrid,1.0,0.6435509894890297
expt_gap,pnictide,6,ensemble_std,0.1,0.8007439853081698
expt_gap,pnictide,6,ensemble_std,0.2,0.6931710273746481
expt_gap,pnictide,6,ensemble_std,0.30217391304347824,0.618917201419184
expt_gap,pnictide,6,ensemble_std,0.4,0.5792743618888657
expt_gap,pnictide,6,ensemble_std,0.5,0.5644583410306477
expt_gap,pnictide,6,ensemble_std,0.6,0.5700498668916123
expt_gap,pnictide,6,ensemble_std,0.7021739130434783,0.6127549060605115
expt_gap,pnictide,6,ensemble_std,0.8,0.6320900873940598
expt_gap,pnictide,6,ensemble_std,0.9,0.633506269516837
expt_gap,pnictide,6,ensemble_std,1.0,0.621207823116637
expt_gap,pnictide,6,descriptor_distance,0.1,0.9141219119153859
expt_gap,pnictide,6,descriptor_distance,0.2,0.7286139650860358
expt_gap,pnictide,6,descriptor_distance,0.30217391304347824,0.741823194583657
expt_gap,pnictide,6,descriptor_distance,0.4,0.7001940122675208
expt_gap,pnictide,6,descriptor_distance,0.5,0.6387195461431462
expt_gap,pnictide,6,descriptor_distance,0.6,0.6015142852801704
expt_gap,pnictide,6,descriptor_distance,0.7021739130434783,0.615320567791326
expt_gap,pnictide,6,descriptor_distance,0.8,0.6050173848665915
expt_gap,pnictide,6,descriptor_distance,0.9,0.6006267810262614
expt_gap,pnictide,6,descriptor_distance,1.0,0.6212078231166369
expt_gap,pnictide,6,equal_rank_hybrid,0.1,0.7481976914525694
expt_gap,pnictide,6,equal_rank_hybrid,0.2,0.7943650408996199
expt_gap,pnictide,6,equal_rank_hybrid,0.30217391304347824,0.7347979524568183
expt_gap,pnictide,6,equal_rank_hybrid,0.4,0.6757134459222569
expt_gap,pnictide,6,equal_rank_hybrid,0.5,0.643153996366836
expt_gap,pnictide,6,equal_rank_hybrid,0.6,0.6370246657503947
expt_gap,pnictide,6,equal_rank_hybrid,0.7021739130434783,0.6541652660310378
expt_gap,pnictide,6,equal_rank_hybrid,0.8,0.6467635970315401
expt_gap,pnictide,6,equal_rank_hybrid,0.9,0.6304249033467753
expt_gap,pnictide,6,equal_rank_hybrid,1.0,0.621207823116637
expt_gap,pnictide,7,ensemble_std,0.1,0.8109892975502759
expt_gap,pnictide,7,ensemble_std,0.2,0.7750363081248864
expt_gap,pnictide,7,ensemble_std,0.30217391304347824,0.7261987249862216
expt_gap,pnictide,7,ensemble_std,0.4,0.6773064767823335
expt_gap,pnictide,7,ensemble_std,0.5,0.7178335218083104
expt_gap,pnictide,7,ensemble_std,0.6,0.6992923437191719
expt_gap,pnictide,7,ensemble_std,0.7021739130434783,0.6956822264330211
expt_gap,pnictide,7,ensemble_std,0.8,0.6656335901616977
expt_gap,pnictide,7,ensemble_std,0.9,0.6447912029102227
expt_gap,pnictide,7,ensemble_std,1.0,0.6515243273143316
expt_gap,pnictide,7,descriptor_distance,0.1,1.0182559506179207
expt_gap,pnictide,7,descriptor_distance,0.2,0.8478235286797778
expt_gap,pnictide,7,descriptor_distance,0.30217391304347824,0.8131316215365694
expt_gap,pnictide,7,descriptor_distance,0.4,0.7697679538819667
expt_gap,pnictide,7,descriptor_distance,0.5,0.6942650422151109
expt_gap,pnictide,7,descriptor_distance,0.6,0.6843981399124385
expt_gap,pnictide,7,descriptor_distance,0.7021739130434783,0.677395866567807
expt_gap,pnictide,7,descriptor_distance,0.8,0.6599144534048123
expt_gap,pnictide,7,descriptor_distance,0.9,0.6334461856291965
expt_gap,pnictide,7,descriptor_distance,1.0,0.6515243273143321
expt_gap,pnictide,7,equal_rank_hybrid,0.1,0.9629680161610734
expt_gap,pnictide,7,equal_rank_hybrid,0.2,0.9456998206295161
expt_gap,pnictide,7,equal_rank_hybrid,0.30217391304347824,0.9083558162545154
expt_gap,pnictide,7,equal_rank_hybrid,0.4,0.8853717545804709
expt_gap,pnictide,7,equal_rank_hybrid,0.5,0.8003727493959398
expt_gap,pnictide,7,equal_rank_hybrid,0.6,0.7283753390056383
expt_gap,pnictide,7,equal_rank_hybrid,0.7021739130434783,0.686557459120333
expt_gap,pnictide,7,equal_rank_hybrid,0.8,0.6588372835209124
expt_gap,pnictide,7,equal_rank_hybrid,0.9,0.6491606794427166
expt_gap,pnictide,7,equal_rank_hybrid,1.0,0.6515243273143315
expt_gap,pnictide,8,ensemble_std,0.1,0.8837610735218888
expt_gap,pnictide,8,ensemble_std,0.2,0.7680295446235533
expt_gap,pnictide,8,ensemble_std,0.30217391304347824,0.7843257576745801
expt_gap,pnictide,8,ensemble_std,0.4,0.7384126377151687
expt_gap,pnictide,8,ensemble_std,0.5,0.686309347992889
expt_gap,pnictide,8,ensemble_std,0.6,0.6825727938760618
expt_gap,pnictide,8,ensemble_std,0.7021739130434783,0.655954146299727
expt_gap,pnictide,8,ensemble_std,0.8,0.6211990973232115
expt_gap,pnictide,8,ensemble_std,0.9,0.6185499824613654
expt_gap,pnictide,8,ensemble_std,1.0,0.6334362758858256
expt_gap,pnictide,8,descriptor_distance,0.1,0.8476208492232407
expt_gap,pnictide,8,descriptor_distance,0.2,0.7523265425365698
expt_gap,pnictide,8,descriptor_distance,0.30217391304347824,0.7867527005416443
expt_gap,pnictide,8,descriptor_distance,0.4,0.7265702858349223
expt_gap,pnictide,8,descriptor_distance,0.5,0.6535644811156892
expt_gap,pnictide,8,descriptor_distance,0.6,0.6538529484773171
expt_gap,pnictide,8,descriptor_distance,0.7021739130434783,0.636595041558819
expt_gap,pnictide,8,descriptor_distance,0.8,0.6280999452854429
expt_gap,pnictide,8,descriptor_distance,0.9,0.6141798926496506
expt_gap,pnictide,8,descriptor_distance,1.0,0.6334362758858259
expt_gap,pnictide,8,equal_rank_hybrid,0.1,0.8117752339990929
expt_gap,pnictide,8,equal_rank_hybrid,0.2,0.7343659135542902
expt_gap,pnictide,8,equal_rank_hybrid,0.30217391304347824,0.8174069722179302
expt_gap,pnictide,8,equal_rank_hybrid,0.4,0.7885390208459483
expt_gap,pnictide,8,equal_rank_hybrid,0.5,0.75160790558839
expt_gap,pnictide,8,equal_rank_hybrid,0.6,0.696666043205772
expt_gap,pnictide,8,equal_rank_hybrid,0.7021739130434783,0.6523160558210191
expt_gap,pnictide,8,equal_rank_hybrid,0.8,0.634157573074027
expt_gap,pnictide,8,equal_rank_hybrid,0.9,0.6212724935297054
expt_gap,pnictide,8,equal_rank_hybrid,1.0,0.6334362758858259
expt_gap,pnictide,9,ensemble_std,0.1,0.5183393888026228
expt_gap,pnictide,9,ensemble_std,0.2,0.7528500312006837
expt_gap,pnictide,9,ensemble_std,0.30217391304347824,0.6897165205093668
expt_gap,pnictide,9,ensemble_std,0.4,0.637636390606299
expt_gap,pnictide,9,ensemble_std,0.5,0.6466257943264465
expt_gap,pnictide,9,ensemble_std,0.6,0.635010574281546
expt_gap,pnictide,9,ensemble_std,0.7021739130434783,0.6661127698834105
expt_gap,pnictide,9,ensemble_std,0.8,0.6574850990543142
expt_gap,pnictide,9,ensemble_std,0.9,0.6367723682744862
expt_gap,pnictide,9,ensemble_std,1.0,0.6205537189813329
expt_gap,pnictide,9,descriptor_distance,0.1,0.9241844610485066
expt_gap,pnictide,9,descriptor_distance,0.2,0.7079540022861217
expt_gap,pnictide,9,descriptor_distance,0.30217391304347824,0.7378357692711378
expt_gap,pnictide,9,descriptor_distance,0.4,0.6935591791560201
expt_gap,pnictide,9,descriptor_distance,0.5,0.6370971814208989
expt_gap,pnictide,9,descriptor_distance,0.6,0.6004785493464075
expt_gap,pnictide,9,descriptor_distance,0.7021739130434783,0.6142546503663787
expt_gap,pnictide,9,descriptor_distance,0.8,0.5964324157479155
expt_gap,pnictide,9,descriptor_distance,0.9,0.5954609103269058
expt_gap,pnictide,9,descriptor_distance,1.0,0.6205537189813337
expt_gap,pnictide,9,equal_rank_hybrid,0.1,0.8048600305416201
expt_gap,pnictide,9,equal_rank_hybrid,0.2,0.5997301987908904
expt_gap,pnictide,9,equal_rank_hybrid,0.30217391304347824,0.7020274713808021
expt_gap,pnictide,9,equal_rank_hybrid,0.4,0.8144415234356256
expt_gap,pnictide,9,equal_rank_hybrid,0.5,0.7534665428329305
expt_gap,pnictide,9,equal_rank_hybrid,0.6,0.7076134412919715
expt_gap,pnictide,9,equal_rank_hybrid,0.7021739130434783,0.6708586561932827
expt_gap,pnictide,9,equal_rank_hybrid,0.8,0.6576675200697332
expt_gap,pnictide,9,equal_rank_hybrid,0.9,0.6328768789980959
expt_gap,pnictide,9,equal_rank_hybrid,1.0,0.6205537189813329
log_kvrh,other,0,ensemble_std,0.10011102886750556,0.17148959341164274
log_kvrh,other,0,ensemble_std,0.20003700962250184,0.17485431970991042
log_kvrh,other,0,ensemble_std,0.30014803849000743,0.1839274831078308
log_kvrh,other,0,ensemble_std,0.4000740192450037,0.1902465628028819
log_kvrh,other,0,ensemble_std,0.5,0.19628100514731095
log_kvrh,other,0,ensemble_std,0.6001110288675056,0.20609318941584198
log_kvrh,other,0,ensemble_std,0.7000370096225018,0.21472425491979155
log_kvrh,other,0,ensemble_std,0.8001480384900074,0.21720142294679962
log_kvrh,other,0,ensemble_std,0.9000740192450037,0.22408904274272282
log_kvrh,other,0,ensemble_std,1.0,0.2316109708175285
log_kvrh,other,0,descriptor_distance,0.10011102886750556,0.19967767751383453
log_kvrh,other,0,descriptor_distance,0.20003700962250184,0.20034099634876756
log_kvrh,other,0,descriptor_distance,0.30014803849000743,0.20334393964413025
log_kvrh,other,0,descriptor_distance,0.4000740192450037,0.20513544927470867
log_kvrh,other,0,descriptor_distance,0.5,0.21376990971823068
log_kvrh,other,0,descriptor_distance,0.6001110288675056,0.21648885934278625
log_kvrh,other,0,descriptor_distance,0.7000370096225018,0.2184262505970572
log_kvrh,other,0,descriptor_distance,0.8001480384900074,0.22014182679778935
log_kvrh,other,0,descriptor_distance,0.9000740192450037,0.22619225017663308
log_kvrh,other,0,descriptor_distance,1.0,0.231610970817528
log_kvrh,other,0,equal_rank_hybrid,0.10011102886750556,0.15531739473104847
log_kvrh,other,0,equal_rank_hybrid,0.20003700962250184,0.16899483732789322
log_kvrh,other,0,equal_rank_hybrid,0.30014803849000743,0.17900944784182446
log_kvrh,other,0,equal_rank_hybrid,0.4000740192450037,0.1877660234705909
log_kvrh,other,0,equal_rank_hybrid,0.5,0.19420609325561095
log_kvrh,other,0,equal_rank_hybrid,0.6001110288675056,0.20270574939712477
log_kvrh,other,0,equal_rank_hybrid,0.7000370096225018,0.21105402194355882
log_kvrh,other,0,equal_rank_hybrid,0.8001480384900074,0.2188577357051561
log_kvrh,other,0,equal_rank_hybrid,0.9000740192450037,0.22276382390720914
log_kvrh,other,0,equal_rank_hybrid,1.0,0.2316109708175284
log_kvrh,other,1,ensemble_std,0.10011102886750556,0.1593303486587702
log_kvrh,other,1,ensemble_std,0.20003700962250184,0.16993208808473403
log_kvrh,other,1,ensemble_std,0.30014803849000743,0.17927846058810779
log_kvrh,other,1,ensemble_std,0.4000740192450037,0.18669286488465317
log_kvrh,other,1,ensemble_std,0.5,0.19039895291181005
log_kvrh,other,1,ensemble_std,0.6001110288675056,0.19606761047503482
log_kvrh,other,1,ensemble_std,0.7000370096225018,0.20328801260428042
log_kvrh,other,1,ensemble_std,0.8001480384900074,0.21400246517954707
log_kvrh,other,1,ensemble_std,0.9000740192450037,0.23158840733099792
log_kvrh,other,1,ensemble_std,1.0,0.2503697964660443
log_kvrh,other,1,descriptor_distance,0.10011102886750556,0.21074641028174435
log_kvrh,other,1,descriptor_distance,0.20003700962250184,0.2112222865240226
log_kvrh,other,1,descriptor_distance,0.30014803849000743,0.2220165322871066
log_kvrh,other,1,descriptor_distance,0.4000740192450037,0.22633627305662685
log_kvrh,other,1,descriptor_distance,0.5,0.23314282862843214
log_kvrh,other,1,descriptor_distance,0.6001110288675056,0.23878045840245526
log_kvrh,other,1,descriptor_distance,0.7000370096225018,0.2392091147952877
log_kvrh,other,1,descriptor_distance,0.8001480384900074,0.2407834167382945
log_kvrh,other,1,descriptor_distance,0.9000740192450037,0.2452586720668888
log_kvrh,other,1,descriptor_distance,1.0,0.250369796466043
log_kvrh,other,1,equal_rank_hybrid,0.10011102886750556,0.1514372521805263
log_kvrh,other,1,equal_rank_hybrid,0.20003700962250184,0.1689835118805659
log_kvrh,other,1,equal_rank_hybrid,0.30014803849000743,0.17797840138122678
log_kvrh,other,1,equal_rank_hybrid,0.4000740192450037,0.18724484371003494
log_kvrh,other,1,equal_rank_hybrid,0.5,0.19353468060723747
log_kvrh,other,1,equal_rank_hybrid,0.6001110288675056,0.19873807187580314
log_kvrh,other,1,equal_rank_hybrid,0.7000370096225018,0.2047070856144705
log_kvrh,other,1,equal_rank_hybrid,0.8001480384900074,0.2144466569175314
log_kvrh,other,1,equal_rank_hybrid,0.9000740192450037,0.2310499429183215
log_kvrh,other,1,equal_rank_hybrid,1.0,0.2503697964660442
log_kvrh,other,2,ensemble_std,0.10011102886750556,0.16712214883828524
log_kvrh,other,2,ensemble_std,0.20003700962250184,0.1765990486508745
log_kvrh,other,2,ensemble_std,0.30014803849000743,0.19130281907561775
log_kvrh,other,2,ensemble_std,0.4000740192450037,0.20050149164508047
log_kvrh,other,2,ensemble_std,0.5,0.2083863882509659
log_kvrh,other,2,ensemble_std,0.6001110288675056,0.21248167949378496
log_kvrh,other,2,ensemble_std,0.7000370096225018,0.21848424491440863
log_kvrh,other,2,ensemble_std,0.8001480384900074,0.2260488727061719
log_kvrh,other,2,ensemble_std,0.9000740192450037,0.23336272933149227
log_kvrh,other,2,ensemble_std,1.0,0.24120026741998601
log_kvrh,other,2,descriptor_distance,0.10011102886750556,0.20509229979739954
log_kvrh,other,2,descriptor_distance,0.20003700962250184,0.2110916709823171
log_kvrh,other,2,descriptor_distance,0.30014803849000743,0.21691104020366947
log_kvrh,other,2,descriptor_distance,0.4000740192450037,0.2200271422525541
log_kvrh,other,2,descriptor_distance,0.5,0.22501030487183366
log_kvrh,other,2,descriptor_distance,0.6001110288675056,0.22923497628352796
log_kvrh,other,2,descriptor_distance,0.7000370096225018,0.22958938340621235
log_kvrh,other,2,descriptor_distance,0.8001480384900074,0.23325378516189146
log_kvrh,other,2,descriptor_distance,0.9000740192450037,0.23627424953605858
log_kvrh,other,2,descriptor_distance,1.0,0.24120026741998643
log_kvrh,other,2,equal_rank_hybrid,0.10011102886750556,0.15398559952799518
log_kvrh,other,2,equal_rank_hybrid,0.20003700962250184,0.17813253188577008
log_kvrh,other,2,equal_rank_hybrid,0.30014803849000743,0.18986952638662996
log_kvrh,other,2,equal_rank_hybrid,0.4000740192450037,0.19891469163567732
log_kvrh,other,2,equal_rank_hybrid,0.5,0.20672555905344162
log_kvrh,other,2,equal_rank_hybrid,0.6001110288675056,0.2123338176535319
log_kvrh,other,2,equal_rank_hybrid,0.7000370096225018,0.21790470636989365
log_kvrh,other,2,equal_rank_hybrid,0.8001480384900074,0.2255989782070746
log_kvrh,other,2,equal_rank_hybrid,0.9000740192450037,0.23270138882522945
log_kvrh,other,2,equal_rank_hybrid,1.0,0.2412002674199861
log_kvrh,other,3,ensemble_std,0.10011102886750556,0.1778139843100284
log_kvrh,other,3,ensemble_std,0.20003700962250184,0.19826463178256343
log_kvrh,other,3,ensemble_std,0.30014803849000743,0.20491657450984463
log_kvrh,other,3,ensemble_std,0.4000740192450037,0.21445412914497708
log_kvrh,other,3,ensemble_std,0.5,0.22027268118317156
log_kvrh,other,3,ensemble_std,0.6001110288675056,0.22550306251172011
log_kvrh,other,3,ensemble_std,0.7000370096225018,0.2302092421719056
log_kvrh,other,3,ensemble_std,0.8001480384900074,0.24299629802454237
log_kvrh,other,3,ensemble_std,0.9000740192450037,0.25121557658273774
log_kvrh,other,3,ensemble_std,1.0,0.27121885891588965
log_kvrh,other,3,descriptor_distance,0.10011102886750556,0.21606063636990466
log_kvrh,other,3,descriptor_distance,0.20003700962250184,0.2191128892110235
log_kvrh,other,3,descriptor_distance,0.30014803849000743,0.23182963467004788
log_kvrh,other,3,descriptor_distance,0.4000740192450037,0.24159338542463066
log_kvrh,other,3,descriptor_distance,0.5,0.2508847323843238
log_kvrh,other,3,descriptor_distance,0.6001110288675056,0.2551334733708593
log_kvrh,other,3,descriptor_distance,0.7000370096225018,0.2571799342577354
log_kvrh,other,3,descriptor_distance,0.8001480384900074,0.2620432233791236
log_kvrh,other,3,descriptor_distance,0.9000740192450037,0.265875825578981
log_kvrh,other,3,descriptor_distance,1.0,0.2712188589158886
log_kvrh,other,3,equal_rank_hybrid,0.10011102886750556,0.17188841148283418
log_kvrh,other,3,equal_rank_hybrid,0.20003700962250184,0.18349319155941268
log_kvrh,other,3,equal_rank_hybrid,0.30014803849000743,0.19949638658200908
log_kvrh,other,3,equal_rank_hybrid,0.4000740192450037,0.21061973159267675
log_kvrh,other,3,equal_rank_hybrid,0.5,0.21879812708439614
log_kvrh,other,3,equal_rank_hybrid,0.6001110288675056,0.22441219114402625
log_kvrh,other,3,equal_rank_hybrid,0.7000370096225018,0.2289451117062996
log_kvrh,other,3,equal_rank_hybrid,0.8001480384900074,0.2406622340717057
log_kvrh,other,3,equal_rank_hybrid,0.9000740192450037,0.25158797407752836
log_kvrh,other,3,equal_rank_hybrid,1.0,0.2712188589158893
log_kvrh,other,4,ensemble_std,0.10011102886750556,0.15580808229924153
log_kvrh,other,4,ensemble_std,0.20003700962250184,0.17909709214163919
log_kvrh,other,4,ensemble_std,0.30014803849000743,0.19324665887277323
log_kvrh,other,4,ensemble_std,0.4000740192450037,0.20312495463733662
log_kvrh,other,4,ensemble_std,0.5,0.20811789173199016
log_kvrh,other,4,ensemble_std,0.6001110288675056,0.22037902928979114
log_kvrh,other,4,ensemble_std,0.7000370096225018,0.23407273162500938
log_kvrh,other,4,ensemble_std,0.8001480384900074,0.24540723766255448
log_kvrh,other,4,ensemble_std,0.9000740192450037,0.2575605601795572
log_kvrh,other,4,ensemble_std,1.0,0.2689168713032279
log_kvrh,other,4,descriptor_distance,0.10011102886750556,0.21580942101965397
log_kvrh,other,4,descriptor_distance,0.20003700962250184,0.22657123306739044
log_kvrh,other,4,descriptor_distance,0.30014803849000743,0.23695188704976544
log_kvrh,other,4,descriptor_distance,0.4000740192450037,0.23956107047598318
log_kvrh,other,4,descriptor_distance,0.5,0.24953155222961249
log_kvrh,other,4,descriptor_distance,0.6001110288675056,0.25485186688241596
log_kvrh,other,4,descriptor_distance,0.7000370096225018,0.25862242229928023
log_kvrh,other,4,descriptor_distance,0.8001480384900074,0.2619591626427427
log_kvrh,other,4,descriptor_distance,0.9000740192450037,0.2652625939773624
log_kvrh,other,4,descriptor_distance,1.0,0.2689168713032282
log_kvrh,other,4,equal_rank_hybrid,0.10011102886750556,0.1563941851660137
log_kvrh,other,4,equal_rank_hybrid,0.20003700962250184,0.17154209574276666
log_kvrh,other,4,equal_rank_hybrid,0.30014803849000743,0.19272397208765968
log_kvrh,other,4,equal_rank_hybrid,0.4000740192450037,0.20304690087808558
log_kvrh,other,4,equal_rank_hybrid,0.5,0.2089718263552973
log_kvrh,other,4,equal_rank_hybrid,0.6001110288675056,0.21952040956864918
log_kvrh,other,4,equal_rank_hybrid,0.7000370096225018,0.22883733043033844
log_kvrh,other,4,equal_rank_hybrid,0.8001480384900074,0.24380303752367016
log_kvrh,other,4,equal_rank_hybrid,0.9000740192450037,0.2561555580991864
log_kvrh,other,4,equal_rank_hybrid,1.0,0.2689168713032277
log_kvrh,other,5,ensemble_std,0.10011102886750556,0.16297924531234662
log_kvrh,other,5,ensemble_std,0.20003700962250184,0.1795748616966596
log_kvrh,other,5,ensemble_std,0.30014803849000743,0.188757742030983
log_kvrh,other,5,ensemble_std,0.4000740192450037,0.2005728756088276
log_kvrh,other,5,ensemble_std,0.5,0.20782647916220617
log_kvrh,other,5,ensemble_std,0.6001110288675056,0.21566724508486082
log_kvrh,other,5,ensemble_std,0.7000370096225018,0.22496488153247127
log_kvrh,other,5,ensemble_std,0.8001480384900074,0.23428343931147486
log_kvrh,other,5,ensemble_std,0.9000740192450037,0.24138052325671047
log_kvrh,other,5,ensemble_std,1.0,0.25265975847398253
log_kvrh,other,5,descriptor_distance,0.10011102886750556,0.2138698945893615
log_kvrh,other,5,descriptor_distance,0.20003700962250184,0.21138453715728592
log_kvrh,other,5,descriptor_distance,0.30014803849000743,0.2199108578683864
log_kvrh,other,5,descriptor_distance,0.4000740192450037,0.22587270958224584
log_kvrh,other,5,descriptor_distance,0.5,0.2327038198731494
log_kvrh,other,5,descriptor_distance,0.6001110288675056,0.23540637869165992
log_kvrh,other,5,descriptor_distance,0.7000370096225018,0.23795652930249397
log_kvrh,other,5,descriptor_distance,0.8001480384900074,0.23987640153998288
log_kvrh,other,5,descriptor_distance,0.9000740192450037,0.24509744817908688
log_kvrh,other,5,descriptor_distance,1.0,0.25265975847398336
log_kvrh,other,5,equal_rank_hybrid,0.10011102886750556,0.1578983205533375
log_kvrh,other,5,equal_rank_hybrid,0.20003700962250184,0.17709880243841986
log_kvrh,other,5,equal_rank_hybrid,0.30014803849000743,0.18410515863778348
log_kvrh,other,5,equal_rank_hybrid,0.4000740192450037,0.19985020229878628
log_kvrh,other,5,equal_rank_hybrid,0.5,0.20875231228134128
log_kvrh,other,5,equal_rank_hybrid,0.6001110288675056,0.21495056433634457
log_kvrh,other,5,equal_rank_hybrid,0.7000370096225018,0.22172348205917317
log_kvrh,other,5,equal_rank_hybrid,0.8001480384900074,0.23080289317626482
log_kvrh,other,5,equal_rank_hybrid,0.9000740192450037,0.2416702921869176
log_kvrh,other,5,equal_rank_hybrid,1.0,0.2526597584739827
log_kvrh,other,6,ensemble_std,0.10011102886750556,0.13189644910779122
log_kvrh,other,6,ensemble_std,0.20003700962250184,0.13970803429627582
log_kvrh,other,6,ensemble_std,0.30014803849000743,0.14848726968395598
log_kvrh,other,6,ensemble_std,0.4000740192450037,0.15621282005515033
log_kvrh,other,6,ensemble_std,0.5,0.16666635192690107
log_kvrh,other,6,ensemble_std,0.6001110288675056,0.17715213493869233
log_kvrh,other,6,ensemble_std,0.7000370096225018,0.18892097450110173
log_kvrh,other,6,ensemble_std,0.8001480384900074,0.20053857364640604
log_kvrh,other,6,ensemble_std,0.9000740192450037,0.2145305060339691
log_kvrh,other,6,ensemble_std,1.0,0.2258534111114758
log_kvrh,other,6,descriptor_distance,0.10011102886750556,0.1971058041457426
log_kvrh,other,6,descriptor_distance,0.20003700962250184,0.1968426546335118
log_kvrh,other,6,descriptor_distance,0.30014803849000743,0.20056936712025017
log_kvrh,other,6,descriptor_distance,0.4000740192450037,0.20219162694902326
log_kvrh,other,6,descriptor_distance,0.5,0.20607611872760542
log_kvrh,other,6,descriptor_distance,0.6001110288675056,0.20948566202203
log_kvrh,other,6,descriptor_distance,0.7000370096225018,0.21105316298720095
log_kvrh,other,6,descriptor_distance,0.8001480384900074,0.21456819413630993
log_kvrh,other,6,descriptor_distance,0.9000740192450037,0.21917781254861168
log_kvrh,other,6,descriptor_distance,1.0,0.22585341111147797
log_kvrh,other,6,equal_rank_hybrid,0.10011102886750556,0.13201544393867407
log_kvrh,other,6,equal_rank_hybrid,0.20003700962250184,0.1433664380141112
log_kvrh,other,6,equal_rank_hybrid,0.30014803849000743,0.15011740784817493
log_kvrh,other,6,equal_rank_hybrid,0.4000740192450037,0.15747744714491232
log_kvrh,other,6,equal_rank_hybrid,0.5,0.16550479767670154
log_kvrh,other,6,equal_rank_hybrid,0.6001110288675056,0.17638248139745077
log_kvrh,other,6,equal_rank_hybrid,0.7000370096225018,0.18761651141816002
log_kvrh,other,6,equal_rank_hybrid,0.8001480384900074,0.19996446585452546
log_kvrh,other,6,equal_rank_hybrid,0.9000740192450037,0.21535848248483536
log_kvrh,other,6,equal_rank_hybrid,1.0,0.22585341111147625
log_kvrh,other,7,ensemble_std,0.10011102886750556,0.1637034016121284
log_kvrh,other,7,ensemble_std,0.20003700962250184,0.16878896813260238
log_kvrh,other,7,ensemble_std,0.30014803849000743,0.18635671807228976
log_kvrh,other,7,ensemble_std,0.4000740192450037,0.206179518823491
log_kvrh,other,7,ensemble_std,0.5,0.21831257095249795
log_kvrh,other,7,ensemble_std,0.6001110288675056,0.2270021511852902
log_kvrh,other,7,ensemble_std,0.7000370096225018,0.23349437634879722
log_kvrh,other,7,ensemble_std,0.8001480384900074,0.24083484920009293
log_kvrh,other,7,ensemble_std,0.9000740192450037,0.2531100035286265
log_kvrh,other,7,ensemble_std,1.0,0.2608178251315226
log_kvrh,other,7,descriptor_distance,0.10011102886750556,0.21231314901230766
log_kvrh,other,7,descriptor_distance,0.20003700962250184,0.2197412600148008
log_kvrh,other,7,descriptor_distance,0.30014803849000743,0.2299104361922276
log_kvrh,other,7,descriptor_distance,0.4000740192450037,0.23251094012495593
log_kvrh,other,7,descriptor_distance,0.5,0.23940499730372292
log_kvrh,other,7,descriptor_distance,0.6001110288675056,0.24412467541604763
log_kvrh,other,7,descriptor_distance,0.7000370096225018,0.24777022726576672
log_kvrh,other,7,descriptor_distance,0.8001480384900074,0.2509512922666121
log_kvrh,other,7,descriptor_distance,0.9000740192450037,0.25431147151876465
log_kvrh,other,7,descriptor_distance,1.0,0.26081782513152235
log_kvrh,other,7,equal_rank_hybrid,0.10011102886750556,0.1593493953655194
log_kvrh,other,7,equal_rank_hybrid,0.20003700962250184,0.17127168310797675
log_kvrh,other,7,equal_rank_hybrid,0.30014803849000743,0.1828548997207029
log_kvrh,other,7,equal_rank_hybrid,0.4000740192450037,0.20263213801532598
log_kvrh,other,7,equal_rank_hybrid,0.5,0.2154288291729554
log_kvrh,other,7,equal_rank_hybrid,0.6001110288675056,0.22501470766770182
log_kvrh,other,7,equal_rank_hybrid,0.7000370096225018,0.2316209557047948
log_kvrh,other,7,equal_rank_hybrid,0.8001480384900074,0.23946759946758564
log_kvrh,other,7,equal_rank_hybrid,0.9000740192450037,0.2498861539854246
log_kvrh,other,7,equal_rank_hybrid,1.0,0.26081782513152285
log_kvrh,other,8,ensemble_std,0.10011102886750556,0.17785931889218115
log_kvrh,other,8,ensemble_std,0.20003700962250184,0.18599930483698215
log_kvrh,other,8,ensemble_std,0.30014803849000743,0.200812284539441
log_kvrh,other,8,ensemble_std,0.4000740192450037,0.21023599317596672
log_kvrh,other,8,ensemble_std,0.5,0.22086872526655033
log_kvrh,other,8,ensemble_std,0.6001110288675056,0.22681769433800872
log_kvrh,other,8,ensemble_std,0.7000370096225018,0.23724572912764352
log_kvrh,other,8,ensemble_std,0.8001480384900074,0.24698176048143003
log_kvrh,other,8,ensemble_std,0.9000740192450037,0.2577291878954851
log_kvrh,other,8,ensemble_std,1.0,0.2779826641481488
log_kvrh,other,8,descriptor_distance,0.10011102886750556,0.21089339913021368
log_kvrh,other,8,descriptor_distance,0.20003700962250184,0.22549373938063702
log_kvrh,other,8,descriptor_distance,0.30014803849000743,0.24021267956201134
log_kvrh,other,8,descriptor_distance,0.4000740192450037,0.24881185120561491
log_kvrh,other,8,descriptor_distance,0.5,0.2577529280883651
log_kvrh,other,8,descriptor_distance,0.6001110288675056,0.2634559716594767
log_kvrh,other,8,descriptor_distance,0.7000370096225018,0.266514547482892
log_kvrh,other,8,descriptor_distance,0.8001480384900074,0.26910940550804935
log_kvrh,other,8,descriptor_distance,0.9000740192450037,0.2724178511281848
log_kvrh,other,8,descriptor_distance,1.0,0.27798266414814776
log_kvrh,other,8,equal_rank_hybrid,0.10011102886750556,0.15998232214945
log_kvrh,other,8,equal_rank_hybrid,0.20003700962250184,0.18549888071597226
log_kvrh,other,8,equal_rank_hybrid,0.30014803849000743,0.20050120159638496
log_kvrh,other,8,equal_rank_hybrid,0.4000740192450037,0.209836473429935
log_kvrh,other,8,equal_rank_hybrid,0.5,0.22013598148925703
log_kvrh,other,8,equal_rank_hybrid,0.6001110288675056,0.2285647447964446
log_kvrh,other,8,equal_rank_hybrid,0.7000370096225018,0.2357228859285113
log_kvrh,other,8,equal_rank_hybrid,0.8001480384900074,0.24541435561688305
log_kvrh,other,8,equal_rank_hybrid,0.9000740192450037,0.25711160688947127
log_kvrh,other,8,equal_rank_hybrid,1.0,0.2779826641481491
log_kvrh,other,9,ensemble_std,0.10011102886750556,0.16845680839941923
log_kvrh,other,9,ensemble_std,0.20003700962250184,0.17053741771020206
log_kvrh,other,9,ensemble_std,0.30014803849000743,0.17673141567492376
log_kvrh,other,9,ensemble_std,0.4000740192450037,0.18645292215394013
log_kvrh,other,9,ensemble_std,0.5,0.1938978913898878
log_kvrh,other,9,ensemble_std,0.6001110288675056,0.20135234932599022
log_kvrh,other,9,ensemble_std,0.7000370096225018,0.20868344622185855
log_kvrh,other,9,ensemble_std,0.8001480384900074,0.2173642685962687
log_kvrh,other,9,ensemble_std,0.9000740192450037,0.22612655954798577
log_kvrh,other,9,ensemble_std,1.0,0.24330056893928484
log_kvrh,other,9,descriptor_distance,0.10011102886750556,0.19664009184662154
log_kvrh,other,9,descriptor_distance,0.20003700962250184,0.20488949466191445
log_kvrh,other,9,descriptor_distance,0.30014803849000743,0.21352897323530973
log_kvrh,other,9,descriptor_distance,0.4000740192450037,0.21968828487454348
log_kvrh,other,9,descriptor_distance,0.5,0.22387390483774974
log_kvrh,other,9,descriptor_distance,0.6001110288675056,0.22716153867203642
log_kvrh,other,9,descriptor_distance,0.7000370096225018,0.22916927319853772
log_kvrh,other,9,descriptor_distance,0.8001480384900074,0.2319135071169391
log_kvrh,other,9,descriptor_distance,0.9000740192450037,0.23647690838684474
log_kvrh,other,9,descriptor_distance,1.0,0.24330056893928464
log_kvrh,other,9,equal_rank_hybrid,0.10011102886750556,0.15204122709172846
log_kvrh,other,9,equal_rank_hybrid,0.20003700962250184,0.16700439302697276
log_kvrh,other,9,equal_rank_hybrid,0.30014803849000743,0.17486357227472016
log_kvrh,other,9,equal_rank_hybrid,0.4000740192450037,0.18244772069316958
log_kvrh,other,9,equal_rank_hybrid,0.5,0.19511870307493973
log_kvrh,other,9,equal_rank_hybrid,0.6001110288675056,0.20093393918180225
log_kvrh,other,9,equal_rank_hybrid,0.7000370096225018,0.2096046899558985
log_kvrh,other,9,equal_rank_hybrid,0.8001480384900074,0.2176279249144818
log_kvrh,other,9,equal_rank_hybrid,0.9000740192450037,0.22532609797627665
log_kvrh,other,9,equal_rank_hybrid,1.0,0.2433005689392845
log_kvrh,oxide,0,ensemble_std,0.10027472527472528,0.20947969563613197
log_kvrh,oxide,0,ensemble_std,0.2000915750915751,0.2193402793506159
log_kvrh,oxide,0,ensemble_std,0.30036630036630035,0.22463543062435226
log_kvrh,oxide,0,ensemble_std,0.4001831501831502,0.23467370143709024
log_kvrh,oxide,0,ensemble_std,0.5,0.23700041186396098
log_kvrh,oxide,0,ensemble_std,0.6002747252747253,0.24042803311582125
log_kvrh,oxide,0,ensemble_std,0.700091575091575,0.2416131376739114
log_kvrh,oxide,0,ensemble_std,0.8003663003663004,0.24500968141197738
log_kvrh,oxide,0,ensemble_std,0.9001831501831502,0.24054657004324093
log_kvrh,oxide,0,ensemble_std,1.0,0.2446381326991186
log_kvrh,oxide,0,descriptor_distance,0.10027472527472528,0.23014054252251306
log_kvrh,oxide,0,descriptor_distance,0.2000915750915751,0.22808522012605909
log_kvrh,oxide,0,descriptor_distance,0.30036630036630035,0.22573818634375256
log_kvrh,oxide,0,descriptor_distance,0.4001831501831502,0.2291397867621884
log_kvrh,oxide,0,descriptor_distance,0.5,0.2293679157066931
log_kvrh,oxide,0,descriptor_distance,0.6002747252747253,0.23798881532401106
log_kvrh,oxide,0,descriptor_distance,0.700091575091575,0.23844244955088587
log_kvrh,oxide,0,descriptor_distance,0.8003663003663004,0.23922439523740555
log_kvrh,oxide,0,descriptor_distance,0.9001831501831502,0.24044083133912367
log_kvrh,oxide,0,descriptor_distance,1.0,0.24463813269911866
log_kvrh,oxide,0,equal_rank_hybrid,0.10027472527472528,0.2166045545186068
log_kvrh,oxide,0,equal_rank_hybrid,0.2000915750915751,0.23094326308553745
log_kvrh,oxide,0,equal_rank_hybrid,0.30036630036630035,0.22797700928468576
log_kvrh,oxide,0,equal_rank_hybrid,0.4001831501831502,0.23468972498871685
log_kvrh,oxide,0,equal_rank_hybrid,0.5,0.236948439977424
log_kvrh,oxide,0,equal_rank_hybrid,0.6002747252747253,0.23829619106605973
log_kvrh,oxide,0,equal_rank_hybrid,0.700091575091575,0.23719174342910102
log_kvrh,oxide,0,equal_rank_hybrid,0.8003663003663004,0.23853394897863983
log_kvrh,oxide,0,equal_rank_hybrid,0.9001831501831502,0.23948496384251877
log_kvrh,oxide,0,equal_rank_hybrid,1.0,0.24463813269911888
log_kvrh,oxide,1,ensemble_std,0.10027472527472528,0.23154107212372715
log_kvrh,oxide,1,ensemble_std,0.2000915750915751,0.2461005808929574
log_kvrh,oxide,1,ensemble_std,0.30036630036630035,0.24919972265973897
log_kvrh,oxide,1,ensemble_std,0.4001831501831502,0.2554126225336763
log_kvrh,oxide,1,ensemble_std,0.5,0.2551243929898081
log_kvrh,oxide,1,ensemble_std,0.6002747252747253,0.24841666615961278
log_kvrh,oxide,1,ensemble_std,0.700091575091575,0.24664834826212645
log_kvrh,oxide,1,ensemble_std,0.8003663003663004,0.24692156302744706
log_kvrh,oxide,1,ensemble_std,0.9001831501831502,0.2440588632076572
log_kvrh,oxide,1,ensemble_std,1.0,0.2468812422227874
log_kvrh,oxide,1,descriptor_distance,0.10027472527472528,0.22691666675970312
log_kvrh,oxide,1,descriptor_distance,0.2000915750915751,0.22986043710190907
log_kvrh,oxide,1,descriptor_distance,0.30036630036630035,0.22398660425562772
log_kvrh,oxide,1,descriptor_distance,0.4001831501831502,0.22401147912881414
log_kvrh,oxide,1,descriptor_distance,0.5,0.23310568986274682
log_kvrh,oxide,1,descriptor_distance,0.6002747252747253,0.2387712926453702
log_kvrh,oxide,1,descriptor_distance,0.700091575091575,0.23958266762111866
log_kvrh,oxide,1,descriptor_distance,0.8003663003663004,0.24074830257928365
log_kvrh,oxide,1,descriptor_distance,0.9001831501831502,0.24037425731479223
log_kvrh,oxide,1,descriptor_distance,1.0,0.24688124222278685
log_kvrh,oxide,1,equal_rank_hybrid,0.10027472527472528,0.23682617377180526
log_kvrh,oxide,1,equal_rank_hybrid,0.2000915750915751,0.2366737768800852
log_kvrh,oxide,1,equal_rank_hybrid,0.30036630036630035,0.23704370195803437
log_kvrh,oxide,1,equal_rank_hybrid,0.4001831501831502,0.2436906816436776
log_kvrh,oxide,1,equal_rank_hybrid,0.5,0.2464152332404189
log_kvrh,oxide,1,equal_rank_hybrid,0.6002747252747253,0.24506488279405805
log_kvrh,oxide,1,equal_rank_hybrid,0.700091575091575,0.24406874783133684
log_kvrh,oxide,1,equal_rank_hybrid,0.8003663003663004,0.24572526148993123
log_kvrh,oxide,1,equal_rank_hybrid,0.9001831501831502,0.2416919808264008
log_kvrh,oxide,1,equal_rank_hybrid,1.0,0.24688124222278698
log_kvrh,oxide,2,ensemble_std,0.10027472527472528,0.25000133046652956
log_kvrh,oxide,2,ensemble_std,0.2000915750915751,0.25216118215649597
log_kvrh,oxide,2,ensemble_std,0.30036630036630035,0.259053260566276
log_kvrh,oxide,2,ensemble_std,0.4001831501831502,0.25441156152922084
log_kvrh,oxide,2,ensemble_std,0.5,0.2502191020981302
log_kvrh,oxide,2,ensemble_std,0.6002747252747253,0.24787592480875048
log_kvrh,oxide,2,ensemble_std,0.700091575091575,0.23960289936016876
log_kvrh,oxide,2,ensemble_std,0.8003663003663004,0.24163626829005333
log_kvrh,oxide,2,ensemble_std,0.9001831501831502,0.24255291436140766
log_kvrh,oxide,2,ensemble_std,1.0,0.2437539067666411
log_kvrh,oxide,2,descriptor_distance,0.10027472527472528,0.2259697966076816
log_kvrh,oxide,2,descriptor_distance,0.2000915750915751,0.22892646871815256
log_kvrh,oxide,2,descriptor_distance,0.30036630036630035,0.2253515238566435
log_kvrh,oxide,2,descriptor_distance,0.4001831501831502,0.23059554047646535
log_kvrh,oxide,2,descriptor_distance,0.5,0.23283489758684128
log_kvrh,oxide,2,descriptor_distance,0.6002747252747253,0.23624726049919012
log_kvrh,oxide,2,descriptor_distance,0.700091575091575,0.23726660665325072
log_kvrh,oxide,2,descriptor_distance,0.8003663003663004,0.2387161381905886
log_kvrh,oxide,2,descriptor_distance,0.9001831501831502,0.23806906850268492
log_kvrh,oxide,2,descriptor_distance,1.0,0.24375390676664063
log_kvrh,oxide,2,equal_rank_hybrid,0.10027472527472528,0.2512129630706235
log_kvrh,oxide,2,equal_rank_hybrid,0.2000915750915751,0.2449967360704405
log_kvrh,oxide,2,equal_rank_hybrid,0.30036630036630035,0.24526948260629713
log_kvrh,oxide,2,equal_rank_hybrid,0.4001831501831502,0.24694803473403906
log_kvrh,oxide,2,equal_rank_hybrid,0.5,0.2452006019430366
log_kvrh,oxide,2,equal_rank_hybrid,0.6002747252747253,0.24426216530420422
log_kvrh,oxide,2,equal_rank_hybrid,0.700091575091575,0.2403353771422705
log_kvrh,oxide,2,equal_rank_hybrid,0.8003663003663004,0.24215714750411957
log_kvrh,oxide,2,equal_rank_hybrid,0.9001831501831502,0.2395766988619957
log_kvrh,oxide,2,equal_rank_hybrid,1.0,0.2437539067666409
log_kvrh,oxide,3,ensemble_std,0.10027472527472528,0.2436918973148819
log_kvrh,oxide,3,ensemble_std,0.2000915750915751,0.23162777220646497
log_kvrh,oxide,3,ensemble_std,0.30036630036630035,0.22972195402061935
log_kvrh,oxide,3,ensemble_std,0.4001831501831502,0.2320236596316585
log_kvrh,oxide,3,ensemble_std,0.5,0.2267307022792057
log_kvrh,oxide,3,ensemble_std,0.6002747252747253,0.2319480942201979
log_kvrh,oxide,3,ensemble_std,0.700091575091575,0.23615313778850666
log_kvrh,oxide,3,ensemble_std,0.8003663003663004,0.23699391867489544
log_kvrh,oxide,3,ensemble_std,0.9001831501831502,0.2391031436237246
log_kvrh,oxide,3,ensemble_std,1.0,0.2437619926124308
log_kvrh,oxide,3,descriptor_distance,0.10027472527472528,0.22264440687660936
log_kvrh,oxide,3,descriptor_distance,0.2000915750915751,0.22537493543472734
log_kvrh,oxide,3,descriptor_distance,0.30036630036630035,0.22166386425531623
log_kvrh,oxide,3,descriptor_distance,0.4001831501831502,0.22361509263885768
log_kvrh,oxide,3,descriptor_distance,0.5,0.2295590215543457
log_kvrh,oxide,3,descriptor_distance,0.6002747252747253,0.2358649953998812
log_kvrh,oxide,3,descriptor_distance,0.700091575091575,0.23741875986658154
log_kvrh,oxide,3,descriptor_distance,0.8003663003663004,0.23785932607403423
log_kvrh,oxide,3,descriptor_distance,0.9001831501831502,0.23787110321883945
log_kvrh,oxide,3,descriptor_distance,1.0,0.243761992612431
log_kvrh,oxide,3,equal_rank_hybrid,0.10027472527472528,0.23160501285717744
log_kvrh,oxide,3,equal_rank_hybrid,0.2000915750915751,0.23464597618513627
log_kvrh,oxide,3,equal_rank_hybrid,0.30036630036630035,0.22504954068480565
log_kvrh,oxide,3,equal_rank_hybrid,0.4001831501831502,0.2281336437155831
log_kvrh,oxide,3,equal_rank_hybrid,0.5,0.22692095417149655
log_kvrh,oxide,3,equal_rank_hybrid,0.6002747252747253,0.22546382668788556
log_kvrh,oxide,3,equal_rank_hybrid,0.700091575091575,0.22865514492530664
log_kvrh,oxide,3,equal_rank_hybrid,0.8003663003663004,0.23421307184580895
log_kvrh,oxide,3,equal_rank_hybrid,0.9001831501831502,0.23979671558986898
log_kvrh,oxide,3,equal_rank_hybrid,1.0,0.24376199261243112
log_kvrh,oxide,4,ensemble_std,0.10027472527472528,0.2243308661806747
log_kvrh,oxide,4,ensemble_std,0.2000915750915751,0.2305572119960591
log_kvrh,oxide,4,ensemble_std,0.30036630036630035,0.22580254376855205
log_kvrh,oxide,4,ensemble_std,0.4001831501831502,0.23138149841429298
log_kvrh,oxide,4,ensemble_std,0.5,0.2322405263752864
log_kvrh,oxide,4,ensemble_std,0.6002747252747253,0.23630440986868906
log_kvrh,oxide,4,ensemble_std,0.700091575091575,0.23603554499962942
log_kvrh,oxide,4,ensemble_std,0.8003663003663004,0.23332750518152293
log_kvrh,oxide,4,ensemble_std,0.9001831501831502,0.23656971514593148
log_kvrh,oxide,4,ensemble_std,1.0,0.24180602454664987
log_kvrh,oxide,4,descriptor_distance,0.10027472527472528,0.2334412263514344
log_kvrh,oxide,4,descriptor_distance,0.2000915750915751,0.22753934841616488
log_kvrh,oxide,4,descriptor_distance,0.30036630036630035,0.2226137107405234
log_kvrh,oxide,4,descriptor_distance,0.4001831501831502,0.22915094147677217
log_kvrh,oxide,4,descriptor_distance,0.5,0.22951741057155695
log_kvrh,oxide,4,descriptor_distance,0.6002747252747253,0.23479509223335918
log_kvrh,oxide,4,descriptor_distance,0.700091575091575,0.23649094143291174
log_kvrh,oxide,4,descriptor_distance,0.8003663003663004,0.23600543709759128
log_kvrh,oxide,4,descriptor_distance,0.9001831501831502,0.23389788453691854
log_kvrh,oxide,4,descriptor_distance,1.0,0.2418060245466497
log_kvrh,oxide,4,equal_rank_hybrid,0.10027472527472528,0.2132012498291496
log_kvrh,oxide,4,equal_rank_hybrid,0.2000915750915751,0.22938581176826836
log_kvrh,oxide,4,equal_rank_hybrid,0.30036630036630035,0.23136839140926374
log_kvrh,oxide,4,equal_rank_hybrid,0.4001831501831502,0.2252530647340368
log_kvrh,oxide,4,equal_rank_hybrid,0.5,0.22867653333803756
log_kvrh,oxide,4,equal_rank_hybrid,0.6002747252747253,0.22945008618580856
log_kvrh,oxide,4,equal_rank_hybrid,0.700091575091575,0.23568945644589653
log_kvrh,oxide,4,equal_rank_hybrid,0.8003663003663004,0.23386112236708226
log_kvrh,oxide,4,equal_rank_hybrid,0.9001831501831502,0.23804868029932838
log_kvrh,oxide,4,equal_rank_hybrid,1.0,0.2418060245466497
log_kvrh,oxide,5,ensemble_std,0.10027472527472528,0.2266628247760708
log_kvrh,oxide,5,ensemble_std,0.2000915750915751,0.22649246956925517
log_kvrh,oxide,5,ensemble_std,0.30036630036630035,0.23768013007389663
log_kvrh,oxide,5,ensemble_std,0.4001831501831502,0.24408018691798827
log_kvrh,oxide,5,ensemble_std,0.5,0.24117221183069443
log_kvrh,oxide,5,ensemble_std,0.6002747252747253,0.23962066789477507
log_kvrh,oxide,5,ensemble_std,0.700091575091575,0.24165651228302082
log_kvrh,oxide,5,ensemble_std,0.8003663003663004,0.23997298139177034
log_kvrh,oxide,5,ensemble_std,0.9001831501831502,0.23924471055533053
log_kvrh,oxide,5,ensemble_std,1.0,0.24651262770494117
log_kvrh,oxide,5,descriptor_distance,0.10027472527472528,0.21976612393137268
log_kvrh,oxide,5,descriptor_distance,0.2000915750915751,0.23136092197815541
log_kvrh,oxide,5,descriptor_distance,0.30036630036630035,0.2271311077322813
log_kvrh,oxide,5,descriptor_distance,0.4001831501831502,0.23211953040561834
log_kvrh,oxide,5,descriptor_distance,0.5,0.2362404706969811
log_kvrh,oxide,5,descriptor_distance,0.6002747252747253,0.2395133079693885
log_kvrh,oxide,5,descriptor_distance,0.700091575091575,0.23979903338123162
log_kvrh,oxide,5,descriptor_distance,0.8003663003663004,0.24218935185174637
log_kvrh,oxide,5,descriptor_distance,0.9001831501831502,0.2423358942129903
log_kvrh,oxide,5,descriptor_distance,1.0,0.24651262770494076
log_kvrh,oxide,5,equal_rank_hybrid,0.10027472527472528,0.2432571851989876
log_kvrh,oxide,5,equal_rank_hybrid,0.2000915750915751,0.2257562617990397
log_kvrh,oxide,5,equal_rank_hybrid,0.30036630036630035,0.23250525499442276
log_kvrh,oxide,5,equal_rank_hybrid,0.4001831501831502,0.23889713145829938
log_kvrh,oxide,5,equal_rank_hybrid,0.5,0.24044418020049677
log_kvrh,oxide,5,equal_rank_hybrid,0.6002747252747253,0.24051479825018096
log_kvrh,oxide,5,equal_rank_hybrid,0.700091575091575,0.2337823776413682
log_kvrh,oxide,5,equal_rank_hybrid,0.8003663003663004,0.23686203177910028
log_kvrh,oxide,5,equal_rank_hybrid,0.9001831501831502,0.2399892946713881
log_kvrh,oxide,5,equal_rank_hybrid,1.0,0.24651262770494106
log_kvrh,oxide,6,ensemble_std,0.10027472527472528,0.22401315735501323
log_kvrh,oxide,6,ensemble_std,0.2000915750915751,0.23291590477150423
log_kvrh,oxide,6,ensemble_std,0.30036630036630035,0.2365180837620608
log_kvrh,oxide,6,ensemble_std,0.4001831501831502,0.24076752307248211
log_kvrh,oxide,6,ensemble_std,0.5,0.23982747028288742
log_kvrh,oxide,6,ensemble_std,0.6002747252747253,0.23741744817383525
log_kvrh,oxide,6,ensemble_std,0.700091575091575,0.23852063997494613
log_kvrh,oxide,6,ensemble_std,0.8003663003663004,0.2410344090038382
log_kvrh,oxide,6,ensemble_std,0.9001831501831502,0.23790859355747399
log_kvrh,oxide,6,ensemble_std,1.0,0.2459138256659782
log_kvrh,oxide,6,descriptor_distance,0.10027472527472528,0.23178696886116
log_kvrh,oxide,6,descriptor_distance,0.2000915750915751,0.23469886617100175
log_kvrh,oxide,6,descriptor_distance,0.30036630036630035,0.22611135075043437
log_kvrh,oxide,6,descriptor_distance,0.4001831501831502,0.23157533290179674
log_kvrh,oxide,6,descriptor_distance,0.5,0.23245333242169422
log_kvrh,oxide,6,descriptor_distance,0.6002747252747253,0.23607840539272412
log_kvrh,oxide,6,descriptor_distance,0.700091575091575,0.23895651947592583
log_kvrh,oxide,6,descriptor_distance,0.8003663003663004,0.23960888880616982
log_kvrh,oxide,6,descriptor_distance,0.9001831501831502,0.24004480872017844
log_kvrh,oxide,6,descriptor_distance,1.0,0.24591382566597797
log_kvrh,oxide,6,equal_rank_hybrid,0.10027472527472528,0.2277069351650473
log_kvrh,oxide,6,equal_rank_hybrid,0.2000915750915751,0.23282999245760222
log_kvrh,oxide,6,equal_rank_hybrid,0.30036630036630035,0.23742491869043475
log_kvrh,oxide,6,equal_rank_hybrid,0.4001831501831502,0.237120275094248
log_kvrh,oxide,6,equal_rank_hybrid,0.5,0.2374718788109707
log_kvrh,oxide,6,equal_rank_hybrid,0.6002747252747253,0.23611527487365516
log_kvrh,oxide,6,equal_rank_hybrid,0.700091575091575,0.23660621494451112
log_kvrh,oxide,6,equal_rank_hybrid,0.8003663003663004,0.23694653006746377
log_kvrh,oxide,6,equal_rank_hybrid,0.9001831501831502,0.2404389259263426
log_kvrh,oxide,6,equal_rank_hybrid,1.0,0.24591382566597797
log_kvrh,oxide,7,ensemble_std,0.10027472527472528,0.22237769876678284
log_kvrh,oxide,7,ensemble_std,0.2000915750915751,0.2267539942026336
log_kvrh,oxide,7,ensemble_std,0.30036630036630035,0.22929154200647425
log_kvrh,oxide,7,ensemble_std,0.4001831501831502,0.23349024049340697
log_kvrh,oxide,7,ensemble_std,0.5,0.2344896095263529
log_kvrh,oxide,7,ensemble_std,0.6002747252747253,0.24129524490320844
log_kvrh,oxide,7,ensemble_std,0.700091575091575,0.24233216816648673
log_kvrh,oxide,7,ensemble_std,0.8003663003663004,0.24302863573319203
log_kvrh,oxide,7,ensemble_std,0.9001831501831502,0.24395799307872
log_kvrh,oxide,7,ensemble_std,1.0,0.2428026865445822
log_kvrh,oxide,7,descriptor_distance,0.10027472527472528,0.2317289765911329
log_kvrh,oxide,7,descriptor_distance,0.2000915750915751,0.22921067528355785
log_kvrh,oxide,7,descriptor_distance,0.30036630036630035,0.22605927273467946
log_kvrh,oxide,7,descriptor_distance,0.4001831501831502,0.22311012596874014
log_kvrh,oxide,7,descriptor_distance,0.5,0.22671882592207138
log_kvrh,oxide,7,descriptor_distance,0.6002747252747253,0.23175250604141778
log_kvrh,oxide,7,descriptor_distance,0.700091575091575,0.2375671827807899
log_kvrh,oxide,7,descriptor_distance,0.8003663003663004,0.23973573651766136
log_kvrh,oxide,7,descriptor_distance,0.9001831501831502,0.23777053246943178
log_kvrh,oxide,7,descriptor_distance,1.0,0.2428026865445827
log_kvrh,oxide,7,equal_rank_hybrid,0.10027472527472528,0.22887963441368525
log_kvrh,oxide,7,equal_rank_hybrid,0.2000915750915751,0.2261201905185612
log_kvrh,oxide,7,equal_rank_hybrid,0.30036630036630035,0.2397228633644261
log_kvrh,oxide,7,equal_rank_hybrid,0.4001831501831502,0.2371798168113187
log_kvrh,oxide,7,equal_rank_hybrid,0.5,0.23558672880928153
log_kvrh,oxide,7,equal_rank_hybrid,0.6002747252747253,0.23276654226039506
log_kvrh,oxide,7,equal_rank_hybrid,0.700091575091575,0.23481135473685652
log_kvrh,oxide,7,equal_rank_hybrid,0.8003663003663004,0.23636641855002086
log_kvrh,oxide,7,equal_rank_hybrid,0.9001831501831502,0.2394508249231908
log_kvrh,oxide,7,equal_rank_hybrid,1.0,0.24280268654458245
log_kvrh,oxide,8,ensemble_std,0.10027472527472528,0.24599560046330732
log_kvrh,oxide,8,ensemble_std,0.2000915750915751,0.25730061434773827
log_kvrh,oxide,8,ensemble_std,0.30036630036630035,0.25456385774482626
log_kvrh,oxide,8,ensemble_std,0.4001831501831502,0.2506955669970598
log_kvrh,oxide,8,ensemble_std,0.5,0.25191412842717864
log_kvrh,oxide,8,ensemble_std,0.6002747252747253,0.24599040582432946
log_kvrh,oxide,8,ensemble_std,0.700091575091575,0.24128271878510274
log_kvrh,oxide,8,ensemble_std,0.8003663003663004,0.24054178202891532
log_kvrh,oxide,8,ensemble_std,0.9001831501831502,0.24038045326494964
log_kvrh,oxide,8,ensemble_std,1.0,0.24717051425915257
log_kvrh,oxide,8,descriptor_distance,0.10027472527472528,0.2274279711836417
log_kvrh,oxide,8,descriptor_distance,0.2000915750915751,0.2312319325811277
log_kvrh,oxide,8,descriptor_distance,0.30036630036630035,0.22641277554795372
log_kvrh,oxide,8,descriptor_distance,0.4001831501831502,0.22745274759387185
log_kvrh,oxide,8,descriptor_distance,0.5,0.23415369941635245
log_kvrh,oxide,8,descriptor_distance,0.6002747252747253,0.23694378424658719
log_kvrh,oxide,8,descriptor_distance,0.700091575091575,0.23981900022468605
log_kvrh,oxide,8,descriptor_distance,0.8003663003663004,0.24008708654444944
log_kvrh,oxide,8,descriptor_distance,0.9001831501831502,0.2420938657911206
log_kvrh,oxide,8,descriptor_distance,1.0,0.24717051425915268
log_kvrh,oxide,8,equal_rank_hybrid,0.10027472527472528,0.24232648611766633
log_kvrh,oxide,8,equal_rank_hybrid,0.2000915750915751,0.2560085420664336
log_kvrh,oxide,8,equal_rank_hybrid,0.30036630036630035,0.25465001873496135
log_kvrh,oxide,8,equal_rank_hybrid,0.4001831501831502,0.2450535712909277
log_kvrh,oxide,8,equal_rank_hybrid,0.5,0.24543230494550786
log_kvrh,oxide,8,equal_rank_hybrid,0.6002747252747253,0.24442199641575035
log_kvrh,oxide,8,equal_rank_hybrid,0.700091575091575,0.238255950077009
log_kvrh,oxide,8,equal_rank_hybrid,0.8003663003663004,0.24092777497083212
log_kvrh,oxide,8,equal_rank_hybrid,0.9001831501831502,0.24018076479766143
log_kvrh,oxide,8,equal_rank_hybrid,1.0,0.24717051425915262
log_kvrh,oxide,9,ensemble_std,0.10027472527472528,0.22464822539105359
log_kvrh,oxide,9,ensemble_std,0.2000915750915751,0.23354876694868357
log_kvrh,oxide,9,ensemble_std,0.30036630036630035,0.24644958608784925
log_kvrh,oxide,9,ensemble_std,0.4001831501831502,0.25138533645082994
log_kvrh,oxide,9,ensemble_std,0.5,0.2532222537924718
log_kvrh,oxide,9,ensemble_std,0.6002747252747253,0.2542315040861106
log_kvrh,oxide,9,ensemble_std,0.700091575091575,0.25420416186404815
log_kvrh,oxide,9,ensemble_std,0.8003663003663004,0.2496351717899013
log_kvrh,oxide,9,ensemble_std,0.9001831501831502,0.24632880650453542
log_kvrh,oxide,9,ensemble_std,1.0,0.24969113832056758
log_kvrh,oxide,9,descriptor_distance,0.10027472527472528,0.2216934953124181
log_kvrh,oxide,9,descriptor_distance,0.2000915750915751,0.23061608730735053
log_kvrh,oxide,9,descriptor_distance,0.30036630036630035,0.2250648417288783
log_kvrh,oxide,9,descriptor_distance,0.4001831501831502,0.23428600836043878
log_kvrh,oxide,9,descriptor_distance,0.5,0.2371433486538298
log_kvrh,oxide,9,descriptor_distance,0.6002747252747253,0.2417440808059266
log_kvrh,oxide,9,descriptor_distance,0.700091575091575,0.2413060212673754
log_kvrh,oxide,9,descriptor_distance,0.8003663003663004,0.24458255975408405
log_kvrh,oxide,9,descriptor_distance,0.9001831501831502,0.2435709442658778
log_kvrh,oxide,9,descriptor_distance,1.0,0.24969113832056705
log_kvrh,oxide,9,equal_rank_hybrid,0.10027472527472528,0.22582222254037917
log_kvrh,oxide,9,equal_rank_hybrid,0.2000915750915751,0.23769353148052016
log_kvrh,oxide,9,equal_rank_hybrid,0.30036630036630035,0.24558759072952085
log_kvrh,oxide,9,equal_rank_hybrid,0.4001831501831502,0.2437874949238379
log_kvrh,oxide,9,equal_rank_hybrid,0.5,0.2425984722495101
log_kvrh,oxide,9,equal_rank_hybrid,0.6002747252747253,0.24245925575007385
log_kvrh,oxide,9,equal_rank_hybrid,0.700091575091575,0.24577977951927427
log_kvrh,oxide,9,equal_rank_hybrid,0.8003663003663004,0.24534729568536862
log_kvrh,oxide,9,equal_rank_hybrid,0.9001831501831502,0.24961384784632062
log_kvrh,oxide,9,equal_rank_hybrid,1.0,0.24969113832056727
log_kvrh,pnictide,0,ensemble_std,0.10027855153203342,0.0960808065468837
log_kvrh,pnictide,0,ensemble_std,0.20055710306406685,0.10936547376407502
log_kvrh,pnictide,0,ensemble_std,0.30013927576601673,0.12097999378499662
log_kvrh,pnictide,0,ensemble_std,0.40041782729805014,0.1200993927575607
log_kvrh,pnictide,0,ensemble_std,0.5,0.13055223506444155
log_kvrh,pnictide,0,ensemble_std,0.6002785515320335,0.14400380265768287
log_kvrh,pnictide,0,ensemble_std,0.7005571030640668,0.14652610439702787
log_kvrh,pnictide,0,ensemble_std,0.8001392757660167,0.14671493377881806
log_kvrh,pnictide,0,ensemble_std,0.9004178272980501,0.15373473472489124
log_kvrh,pnictide,0,ensemble_std,1.0,0.1792102894156249
log_kvrh,pnictide,0,descriptor_distance,0.10027855153203342,0.15392089972430442
log_kvrh,pnictide,0,descriptor_distance,0.20055710306406685,0.1441107681485979
log_kvrh,pnictide,0,descriptor_distance,0.30013927576601673,0.1344514238766267
log_kvrh,pnictide,0,descriptor_distance,0.40041782729805014,0.14140690466564948
log_kvrh,pnictide,0,descriptor_distance,0.5,0.14426598942484278
log_kvrh,pnictide,0,descriptor_distance,0.6002785515320335,0.14982604198859859
log_kvrh,pnictide,0,descriptor_distance,0.7005571030640668,0.15536196095407043
log_kvrh,pnictide,0,descriptor_distance,0.8001392757660167,0.16040222116083747
log_kvrh,pnictide,0,descriptor_distance,0.9004178272980501,0.16261454205311351
log_kvrh,pnictide,0,descriptor_distance,1.0,0.17921028941562483
log_kvrh,pnictide,0,equal_rank_hybrid,0.10027855153203342,0.1163609574281266
log_kvrh,pnictide,0,equal_rank_hybrid,0.20055710306406685,0.11153071699180428
log_kvrh,pnictide,0,equal_rank_hybrid,0.30013927576601673,0.11912277141409508
log_kvrh,pnictide,0,equal_rank_hybrid,0.40041782729805014,0.12016782748538696
log_kvrh,pnictide,0,equal_rank_hybrid,0.5,0.12703797090055824
log_kvrh,pnictide,0,equal_rank_hybrid,0.6002785515320335,0.1399606990841489
log_kvrh,pnictide,0,equal_rank_hybrid,0.7005571030640668,0.14702652279747977
log_kvrh,pnictide,0,equal_rank_hybrid,0.8001392757660167,0.14890796721095817
log_kvrh,pnictide,0,equal_rank_hybrid,0.9004178272980501,0.15404777577728915
log_kvrh,pnictide,0,equal_rank_hybrid,1.0,0.17921028941562478
log_kvrh,pnictide,1,ensemble_std,0.10027855153203342,0.07719551702842178
log_kvrh,pnictide,1,ensemble_std,0.20055710306406685,0.09556166943051944
log_kvrh,pnictide,1,ensemble_std,0.30013927576601673,0.10785993383798281
log_kvrh,pnictide,1,ensemble_std,0.40041782729805014,0.12747726876080911
log_kvrh,pnictide,1,ensemble_std,0.5,0.13775927878820948
log_kvrh,pnictide,1,ensemble_std,0.6002785515320335,0.14530625904941868
log_kvrh,pnictide,1,ensemble_std,0.7005571030640668,0.14512439700959617
log_kvrh,pnictide,1,ensemble_std,0.8001392757660167,0.1505647275845195
log_kvrh,pnictide,1,ensemble_std,0.9004178272980501,0.16210305788455628
log_kvrh,pnictide,1,ensemble_std,1.0,0.18884687802723682
log_kvrh,pnictide,1,descriptor_distance,0.10027855153203342,0.1648544786218738
log_kvrh,pnictide,1,descriptor_distance,0.20055710306406685,0.15329222223143738
log_kvrh,pnictide,1,descriptor_distance,0.30013927576601673,0.15515839289640912
log_kvrh,pnictide,1,descriptor_distance,0.40041782729805014,0.1510856432082782
log_kvrh,pnictide,1,descriptor_distance,0.5,0.1538541431688719
log_kvrh,pnictide,1,descriptor_distance,0.6002785515320335,0.1582754164072079
log_kvrh,pnictide,1,descriptor_distance,0.7005571030640668,0.16478798924351878
log_kvrh,pnictide,1,descriptor_distance,0.8001392757660167,0.17039789413731346
log_kvrh,pnictide,1,descriptor_distance,0.9004178272980501,0.17549249674686992
log_kvrh,pnictide,1,descriptor_distance,1.0,0.1888468780272367
log_kvrh,pnictide,1,equal_rank_hybrid,0.10027855153203342,0.07953643230521436
log_kvrh,pnictide,1,equal_rank_hybrid,0.20055710306406685,0.09019649479846155
log_kvrh,pnictide,1,equal_rank_hybrid,0.30013927576601673,0.109157316494578
log_kvrh,pnictide,1,equal_rank_hybrid,0.40041782729805014,0.12711336373659524
log_kvrh,pnictide,1,equal_rank_hybrid,0.5,0.13658891798532358
log_kvrh,pnictide,1,equal_rank_hybrid,0.6002785515320335,0.14512958646047766
log_kvrh,pnictide,1,equal_rank_hybrid,0.7005571030640668,0.15053297257015932
log_kvrh,pnictide,1,equal_rank_hybrid,0.8001392757660167,0.1538945955860773
log_kvrh,pnictide,1,equal_rank_hybrid,0.9004178272980501,0.1619358015816911
log_kvrh,pnictide,1,equal_rank_hybrid,1.0,0.18884687802723682
log_kvrh,pnictide,2,ensemble_std,0.10027855153203342,0.09992462320934242
log_kvrh,pnictide,2,ensemble_std,0.20055710306406685,0.0998688744425256
log_kvrh,pnictide,2,ensemble_std,0.30013927576601673,0.10515572792555197
log_kvrh,pnictide,2,ensemble_std,0.40041782729805014,0.10978084728346323
log_kvrh,pnictide,2,ensemble_std,0.5,0.11570837610892694
log_kvrh,pnictide,2,ensemble_std,0.6002785515320335,0.1248317192564903
log_kvrh,pnictide,2,ensemble_std,0.7005571030640668,0.1332944840124824
log_kvrh,pnictide,2,ensemble_std,0.8001392757660167,0.14089496602122178
log_kvrh,pnictide,2,ensemble_std,0.9004178272980501,0.15624778174625767
log_kvrh,pnictide,2,ensemble_std,1.0,0.19505286580940753
log_kvrh,pnictide,2,descriptor_distance,0.10027855153203342,0.1714986481399922
log_kvrh,pnictide,2,descriptor_distance,0.20055710306406685,0.1630829199056971
log_kvrh,pnictide,2,descriptor_distance,0.30013927576601673,0.1624577538786119
log_kvrh,pnictide,2,descriptor_distance,0.40041782729805014,0.16392345560957775
log_kvrh,pnictide,2,descriptor_distance,0.5,0.17005772413231993
log_kvrh,pnictide,2,descriptor_distance,0.6002785515320335,0.17137998104920127
log_kvrh,pnictide,2,descriptor_distance,0.7005571030640668,0.17514106830531492
log_kvrh,pnictide,2,descriptor_distance,0.8001392757660167,0.17613854351899239
log_kvrh,pnictide,2,descriptor_distance,0.9004178272980501,0.1789351796796593
log_kvrh,pnictide,2,descriptor_distance,1.0,0.19505286580940767
log_kvrh,pnictide,2,equal_rank_hybrid,0.10027855153203342,0.09892637249446819
log_kvrh,pnictide,2,equal_rank_hybrid,0.20055710306406685,0.10152719468345982
log_kvrh,pnictide,2,equal_rank_hybrid,0.30013927576601673,0.10824194140912577
log_kvrh,pnictide,2,equal_rank_hybrid,0.40041782729805014,0.10977804256635575
log_kvrh,pnictide,2,equal_rank_hybrid,0.5,0.11747217146679022
log_kvrh,pnictide,2,equal_rank_hybrid,0.6002785515320335,0.12744670874091069
log_kvrh,pnictide,2,equal_rank_hybrid,0.7005571030640668,0.1352151909593398
log_kvrh,pnictide,2,equal_rank_hybrid,0.8001392757660167,0.144782562150914
log_kvrh,pnictide,2,equal_rank_hybrid,0.9004178272980501,0.16202653962639263
log_kvrh,pnictide,2,equal_rank_hybrid,1.0,0.19505286580940762
log_kvrh,pnictide,3,ensemble_std,0.10027855153203342,0.09044640698063494
log_kvrh,pnictide,3,ensemble_std,0.20055710306406685,0.10529872265635214
log_kvrh,pnictide,3,ensemble_std,0.30013927576601673,0.12588478738059786
log_kvrh,pnictide,3,ensemble_std,0.40041782729805014,0.13638737765231315
log_kvrh,pnictide,3,ensemble_std,0.5,0.14770962709865243
log_kvrh,pnictide,3,ensemble_std,0.6002785515320335,0.16274720245826496
log_kvrh,pnictide,3,ensemble_std,0.7005571030640668,0.17209627354089863
log_kvrh,pnictide,3,ensemble_std,0.8001392757660167,0.17759736373544874
log_kvrh,pnictide,3,ensemble_std,0.9004178272980501,0.18683530995637884
log_kvrh,pnictide,3,ensemble_std,1.0,0.2286032707154053
log_kvrh,pnictide,3,descriptor_distance,0.10027855153203342,0.20230122959135208
log_kvrh,pnictide,3,descriptor_distance,0.20055710306406685,0.17928366237738547
log_kvrh,pnictide,3,descriptor_distance,0.30013927576601673,0.17619264841301488
log_kvrh,pnictide,3,descriptor_distance,0.40041782729805014,0.1808007956383914
log_kvrh,pnictide,3,descriptor_distance,0.5,0.18591420262049244
log_kvrh,pnictide,3,descriptor_distance,0.6002785515320335,0.19447192005935376
log_kvrh,pnictide,3,descriptor_distance,0.7005571030640668,0.1998196383786289
log_kvrh,pnictide,3,descriptor_distance,0.8001392757660167,0.20384077268344472
log_kvrh,pnictide,3,descriptor_distance,0.9004178272980501,0.20808777037882223
log_kvrh,pnictide,3,descriptor_distance,1.0,0.22860327071540545
log_kvrh,pnictide,3,equal_rank_hybrid,0.10027855153203342,0.08889821752661983
log_kvrh,pnictide,3,equal_rank_hybrid,0.20055710306406685,0.10143413381391696
log_kvrh,pnictide,3,equal_rank_hybrid,0.30013927576601673,0.12444743772072615
log_kvrh,pnictide,3,equal_rank_hybrid,0.40041782729805014,0.13989092629202754
log_kvrh,pnictide,3,equal_rank_hybrid,0.5,0.1506717736502814
log_kvrh,pnictide,3,equal_rank_hybrid,0.6002785515320335,0.1626625792373979
log_kvrh,pnictide,3,equal_rank_hybrid,0.7005571030640668,0.1739408586841622
log_kvrh,pnictide,3,equal_rank_hybrid,0.8001392757660167,0.18199051160714144
log_kvrh,pnictide,3,equal_rank_hybrid,0.9004178272980501,0.1968337567030976
log_kvrh,pnictide,3,equal_rank_hybrid,1.0,0.22860327071540537
log_kvrh,pnictide,4,ensemble_std,0.10027855153203342,0.08973601456192487
log_kvrh,pnictide,4,ensemble_std,0.20055710306406685,0.09701479989460479
log_kvrh,pnictide,4,ensemble_std,0.30013927576601673,0.09887075826448728
log_kvrh,pnictide,4,ensemble_std,0.40041782729805014,0.12064479443563997
log_kvrh,pnictide,4,ensemble_std,0.5,0.1285977251837262
log_kvrh,pnictide,4,ensemble_std,0.6002785515320335,0.13667701582711944
log_kvrh,pnictide,4,ensemble_std,0.7005571030640668,0.1476797098743585
log_kvrh,pnictide,4,ensemble_std,0.8001392757660167,0.15097933854748546
log_kvrh,pnictide,4,ensemble_std,0.9004178272980501,0.15555692798720896
log_kvrh,pnictide,4,ensemble_std,1.0,0.17268237622864732
log_kvrh,pnictide,4,descriptor_distance,0.10027855153203342,0.1544625788142522
log_kvrh,pnictide,4,descriptor_distance,0.20055710306406685,0.15659406699809153
log_kvrh,pnictide,4,descriptor_distance,0.30013927576601673,0.152011725004586
log_kvrh,pnictide,4,descriptor_distance,0.40041782729805014,0.1515899560390655
log_kvrh,pnictide,4,descriptor_distance,0.5,0.15044521540000455
log_kvrh,pnictide,4,descriptor_distance,0.6002785515320335,0.15275724145072903
log_kvrh,pnictide,4,descriptor_distance,0.7005571030640668,0.15724464330191687
log_kvrh,pnictide,4,descriptor_distance,0.8001392757660167,0.16039189071506832
log_kvrh,pnictide,4,descriptor_distance,0.9004178272980501,0.16195094281507977
log_kvrh,pnictide,4,descriptor_distance,1.0,0.1726823762286472
log_kvrh,pnictide,4,equal_rank_hybrid,0.10027855153203342,0.08882653039965113
log_kvrh,pnictide,4,equal_rank_hybrid,0.20055710306406685,0.0986194745072738
log_kvrh,pnictide,4,equal_rank_hybrid,0.30013927576601673,0.10080695364760449
log_kvrh,pnictide,4,equal_rank_hybrid,0.40041782729805014,0.11239154959802801
log_kvrh,pnictide,4,equal_rank_hybrid,0.5,0.12954413395791164
log_kvrh,pnictide,4,equal_rank_hybrid,0.6002785515320335,0.1365251200373998
log_kvrh,pnictide,4,equal_rank_hybrid,0.7005571030640668,0.14682349043547047
log_kvrh,pnictide,4,equal_rank_hybrid,0.8001392757660167,0.15199846785903962
log_kvrh,pnictide,4,equal_rank_hybrid,0.9004178272980501,0.15758410764567993
log_kvrh,pnictide,4,equal_rank_hybrid,1.0,0.17268237622864735
log_kvrh,pnictide,5,ensemble_std,0.10027855153203342,0.12923687970583783
log_kvrh,pnictide,5,ensemble_std,0.20055710306406685,0.1345574807002229
log_kvrh,pnictide,5,ensemble_std,0.30013927576601673,0.134120021094302
log_kvrh,pnictide,5,ensemble_std,0.40041782729805014,0.13339788629178675
log_kvrh,pnictide,5,ensemble_std,0.5,0.13720172421533225
log_kvrh,pnictide,5,ensemble_std,0.6002785515320335,0.13926526866387584
log_kvrh,pnictide,5,ensemble_std,0.7005571030640668,0.1416636121731942
log_kvrh,pnictide,5,ensemble_std,0.8001392757660167,0.14510428407224613
log_kvrh,pnictide,5,ensemble_std,0.9004178272980501,0.15247073983337228
log_kvrh,pnictide,5,ensemble_std,1.0,0.17238303173892727
log_kvrh,pnictide,5,descriptor_distance,0.10027855153203342,0.16533709542432365
log_kvrh,pnictide,5,descriptor_distance,0.20055710306406685,0.14547546632487166
log_kvrh,pnictide,5,descriptor_distance,0.30013927576601673,0.14216111381931726
log_kvrh,pnictide,5,descriptor_distance,0.40041782729805014,0.14720091287200143
log_kvrh,pnictide,5,descriptor_distance,0.5,0.14753446170165746
log_kvrh,pnictide,5,descriptor_distance,0.6002785515320335,0.15305709448603572
log_kvrh,pnictide,5,descriptor_distance,0.7005571030640668,0.1547764048577132
log_kvrh,pnictide,5,descriptor_distance,0.8001392757660167,0.15793664083167994
log_kvrh,pnictide,5,descriptor_distance,0.9004178272980501,0.1600603245026549
log_kvrh,pnictide,5,descriptor_distance,1.0,0.1723830317389276
log_kvrh,pnictide,5,equal_rank_hybrid,0.10027855153203342,0.10488816150455868
log_kvrh,pnictide,5,equal_rank_hybrid,0.20055710306406685,0.12780553811341042
log_kvrh,pnictide,5,equal_rank_hybrid,0.30013927576601673,0.13246183101710896
log_kvrh,pnictide,5,equal_rank_hybrid,0.40041782729805014,0.13657471089606207
log_kvrh,pnictide,5,equal_rank_hybrid,0.5,0.14105473367693205
log_kvrh,pnictide,5,equal_rank_hybrid,0.6002785515320335,0.13951131892942448
log_kvrh,pnictide,5,equal_rank_hybrid,0.7005571030640668,0.14239372374616474
log_kvrh,pnictide,5,equal_rank_hybrid,0.8001392757660167,0.1460922554778584
log_kvrh,pnictide,5,equal_rank_hybrid,0.9004178272980501,0.15370051734639537
log_kvrh,pnictide,5,equal_rank_hybrid,1.0,0.17238303173892738
log_kvrh,pnictide,6,ensemble_std,0.10027855153203342,0.10273683100355652
log_kvrh,pnictide,6,ensemble_std,0.20055710306406685,0.1260811245673712
log_kvrh,pnictide,6,ensemble_std,0.30013927576601673,0.13179115089678134
log_kvrh,pnictide,6,ensemble_std,0.40041782729805014,0.13535779937841988
log_kvrh,pnictide,6,ensemble_std,0.5,0.1389413972238936
log_kvrh,pnictide,6,ensemble_std,0.6002785515320335,0.1391613494710594
log_kvrh,pnictide,6,ensemble_std,0.7005571030640668,0.14242241145258436
log_kvrh,pnictide,6,ensemble_std,0.8001392757660167,0.1443411518751618
log_kvrh,pnictide,6,ensemble_std,0.9004178272980501,0.14924713984919938
log_kvrh,pnictide,6,ensemble_std,1.0,0.16221249134037805
log_kvrh,pnictide,6,descriptor_distance,0.10027855153203342,0.14603546503320236
log_kvrh,pnictide,6,descriptor_distance,0.20055710306406685,0.14684435231443568
log_kvrh,pnictide,6,descriptor_distance,0.30013927576601673,0.14305820887957463
log_kvrh,pnictide,6,descriptor_distance,0.40041782729805014,0.13825594780745343
log_kvrh,pnictide,6,descriptor_distance,0.5,0.1382237562768724
log_kvrh,pnictide,6,descriptor_distance,0.6002785515320335,0.1406966241482926
log_kvrh,pnictide,6,descriptor_distance,0.7005571030640668,0.14615531393324085
log_kvrh,pnictide,6,descriptor_distance,0.8001392757660167,0.14939806966432648
log_kvrh,pnictide,6,descriptor_distance,0.9004178272980501,0.15208976384557393
log_kvrh,pnictide,6,descriptor_distance,1.0,0.1622124913403778
log_kvrh,pnictide,6,equal_rank_hybrid,0.10027855153203342,0.09555759585012719
log_kvrh,pnictide,6,equal_rank_hybrid,0.20055710306406685,0.12539682736987043
log_kvrh,pnictide,6,equal_rank_hybrid,0.30013927576601673,0.1300153672468148
log_kvrh,pnictide,6,equal_rank_hybrid,0.40041782729805014,0.13202839628722424
log_kvrh,pnictide,6,equal_rank_hybrid,0.5,0.13738939487326826
log_kvrh,pnictide,6,equal_rank_hybrid,0.6002785515320335,0.13985226125770409
log_kvrh,pnictide,6,equal_rank_hybrid,0.7005571030640668,0.1418268761935578
log_kvrh,pnictide,6,equal_rank_hybrid,0.8001392757660167,0.14494181947820892
log_kvrh,pnictide,6,equal_rank_hybrid,0.9004178272980501,0.14860505901843532
log_kvrh,pnictide,6,equal_rank_hybrid,1.0,0.162212491340378
log_kvrh,pnictide,7,ensemble_std,0.10027855153203342,0.11901087246772496
log_kvrh,pnictide,7,ensemble_std,0.20055710306406685,0.1380821753669232
log_kvrh,pnictide,7,ensemble_std,0.30013927576601673,0.14802909426646832
log_kvrh,pnictide,7,ensemble_std,0.40041782729805014,0.14817702633049043
log_kvrh,pnictide,7,ensemble_std,0.5,0.14595599144800547
log_kvrh,pnictide,7,ensemble_std,0.6002785515320335,0.14694000168717528
log_kvrh,pnictide,7,ensemble_std,0.7005571030640668,0.14881670068738
log_kvrh,pnictide,7,ensemble_std,0.8001392757660167,0.14927782602592982
log_kvrh,pnictide,7,ensemble_std,0.9004178272980501,0.15480258381552747
log_kvrh,pnictide,7,ensemble_std,1.0,0.18111714732346906
log_kvrh,pnictide,7,descriptor_distance,0.10027855153203342,0.17345741434856848
log_kvrh,pnictide,7,descriptor_distance,0.20055710306406685,0.15261498101448245
log_kvrh,pnictide,7,descriptor_distance,0.30013927576601673,0.15467727087348332
log_kvrh,pnictide,7,descriptor_distance,0.40041782729805014,0.15356660710094916
log_kvrh,pnictide,7,descriptor_distance,0.5,0.15373246159303577
log_kvrh,pnictide,7,descriptor_distance,0.6002785515320335,0.16092851352047352
log_kvrh,pnictide,7,descriptor_distance,0.7005571030640668,0.16408586077970444
log_kvrh,pnictide,7,descriptor_distance,0.8001392757660167,0.1654144554128244
log_kvrh,pnictide,7,descriptor_distance,0.9004178272980501,0.16743778415412255
log_kvrh,pnictide,7,descriptor_distance,1.0,0.18111714732346879
log_kvrh,pnictide,7,equal_rank_hybrid,0.10027855153203342,0.13196268997320673
log_kvrh,pnictide,7,equal_rank_hybrid,0.20055710306406685,0.15000096192492648
log_kvrh,pnictide,7,equal_rank_hybrid,0.30013927576601673,0.1519322380701241
log_kvrh,pnictide,7,equal_rank_hybrid,0.40041782729805014,0.14603199359771074
log_kvrh,pnictide,7,equal_rank_hybrid,0.5,0.1455227346920367
log_kvrh,pnictide,7,equal_rank_hybrid,0.6002785515320335,0.14634928690650742
log_kvrh,pnictide,7,equal_rank_hybrid,0.7005571030640668,0.147904527464522
log_kvrh,pnictide,7,equal_rank_hybrid,0.8001392757660167,0.14867958766924202
log_kvrh,pnictide,7,equal_rank_hybrid,0.9004178272980501,0.15815504659562118
log_kvrh,pnictide,7,equal_rank_hybrid,1.0,0.18111714732346917
log_kvrh,pnictide,8,ensemble_std,0.10027855153203342,0.09591657267970849
log_kvrh,pnictide,8,ensemble_std,0.20055710306406685,0.10500002028877838
log_kvrh,pnictide,8,ensemble_std,0.30013927576601673,0.13040112535136464
log_kvrh,pnictide,8,ensemble_std,0.40041782729805014,0.15034976397795705
log_kvrh,pnictide,8,ensemble_std,0.5,0.1590492648630225
log_kvrh,pnictide,8,ensemble_std,0.6002785515320335,0.1646198144176618
log_kvrh,pnictide,8,ensemble_std,0.7005571030640668,0.16884837805040342
log_kvrh,pnictide,8,ensemble_std,0.8001392757660167,0.17469821278125355
log_kvrh,pnictide,8,ensemble_std,0.9004178272980501,0.17680675493007952
log_kvrh,pnictide,8,ensemble_std,1.0,0.1754623036890902
log_kvrh,pnictide,8,descriptor_distance,0.10027855153203342,0.12371337858895548
log_kvrh,pnictide,8,descriptor_distance,0.20055710306406685,0.13378938379018174
log_kvrh,pnictide,8,descriptor_distance,0.30013927576601673,0.1354863178590979
log_kvrh,pnictide,8,descriptor_distance,0.40041782729805014,0.13239851322608248
log_kvrh,pnictide,8,descriptor_distance,0.5,0.14148964518949844
log_kvrh,pnictide,8,descriptor_distance,0.6002785515320335,0.15038525779965972
log_kvrh,pnictide,8,descriptor_distance,0.7005571030640668,0.15778978168414545
log_kvrh,pnictide,8,descriptor_distance,0.8001392757660167,0.163866090755891
log_kvrh,pnictide,8,descriptor_distance,0.9004178272980501,0.1673075461593336
log_kvrh,pnictide,8,descriptor_distance,1.0,0.1754623036890904
log_kvrh,pnictide,8,equal_rank_hybrid,0.10027855153203342,0.07887639386694469
log_kvrh,pnictide,8,equal_rank_hybrid,0.20055710306406685,0.10157888784759728
log_kvrh,pnictide,8,equal_rank_hybrid,0.30013927576601673,0.12485633152193061
log_kvrh,pnictide,8,equal_rank_hybrid,0.40041782729805014,0.15053662732943554
log_kvrh,pnictide,8,equal_rank_hybrid,0.5,0.1567214680532196
log_kvrh,pnictide,8,equal_rank_hybrid,0.6002785515320335,0.16339321538005763
log_kvrh,pnictide,8,equal_rank_hybrid,0.7005571030640668,0.1667308508329437
log_kvrh,pnictide,8,equal_rank_hybrid,0.8001392757660167,0.17206822265445487
log_kvrh,pnictide,8,equal_rank_hybrid,0.9004178272980501,0.17220316006216624
log_kvrh,pnictide,8,equal_rank_hybrid,1.0,0.17546230368909024
log_kvrh,pnictide,9,ensemble_std,0.10027855153203342,0.1104896330525112
log_kvrh,pnictide,9,ensemble_std,0.20055710306406685,0.12204964765826361
log_kvrh,pnictide,9,ensemble_std,0.30013927576601673,0.12843669065371285
log_kvrh,pnictide,9,ensemble_std,0.40041782729805014,0.13960559839250586
log_kvrh,pnictide,9,ensemble_std,0.5,0.14082877518056672
log_kvrh,pnictide,9,ensemble_std,0.6002785515320335,0.14355522526786804
log_kvrh,pnictide,9,ensemble_std,0.7005571030640668,0.14599039926477242
log_kvrh,pnictide,9,ensemble_std,0.8001392757660167,0.1475727444448938
log_kvrh,pnictide,9,ensemble_std,0.9004178272980501,0.1664180112754078
log_kvrh,pnictide,9,ensemble_std,1.0,0.19669076876102864
log_kvrh,pnictide,9,descriptor_distance,0.10027855153203342,0.15750633529796373
log_kvrh,pnictide,9,descriptor_distance,0.20055710306406685,0.15589872484923845
log_kvrh,pnictide,9,descriptor_distance,0.30013927576601673,0.15503072570601448
log_kvrh,pnictide,9,descriptor_distance,0.40041782729805014,0.16096958343120366
log_kvrh,pnictide,9,descriptor_distance,0.5,0.1645316721085246
log_kvrh,pnictide,9,descriptor_distance,0.6002785515320335,0.16826963953232388
log_kvrh,pnictide,9,descriptor_distance,0.7005571030640668,0.17438096973813605
log_kvrh,pnictide,9,descriptor_distance,0.8001392757660167,0.1767631798861014
log_kvrh,pnictide,9,descriptor_distance,0.9004178272980501,0.17988419063996902
log_kvrh,pnictide,9,descriptor_distance,1.0,0.19669076876102878
log_kvrh,pnictide,9,equal_rank_hybrid,0.10027855153203342,0.10920768363192788
log_kvrh,pnictide,9,equal_rank_hybrid,0.20055710306406685,0.12141031886968211
log_kvrh,pnictide,9,equal_rank_hybrid,0.30013927576601673,0.12448302160383941
log_kvrh,pnictide,9,equal_rank_hybrid,0.40041782729805014,0.13678734498506404
log_kvrh,pnictide,9,equal_rank_hybrid,0.5,0.14327940011054446
log_kvrh,pnictide,9,equal_rank_hybrid,0.6002785515320335,0.145411477019799
log_kvrh,pnictide,9,equal_rank_hybrid,0.7005571030640668,0.14869015018410617
log_kvrh,pnictide,9,equal_rank_hybrid,0.8001392757660167,0.1538106034057688
log_kvrh,pnictide,9,equal_rank_hybrid,0.9004178272980501,0.16637915251292945
log_kvrh,pnictide,9,equal_rank_hybrid,1.0,0.19669076876102864
log_kvrh,chalcogenide,0,ensemble_std,0.10009267840593142,0.2023300968810016
log_kvrh,chalcogenide,0,ensemble_std,0.20018535681186284,0.258329956084008
log_kvrh,chalcogenide,0,ensemble_std,0.3002780352177943,0.2592314052252332
log_kvrh,chalcogenide,0,ensemble_std,0.40037071362372567,0.24552217922315928
log_kvrh,chalcogenide,0,ensemble_std,0.5004633920296571,0.24330562850534088
log_kvrh,chalcogenide,0,ensemble_std,0.6005560704355886,0.24884242757374048
log_kvrh,chalcogenide,0,ensemble_std,0.70064874884152,0.2578370798923922
log_kvrh,chalcogenide,0,ensemble_std,0.8007414272474513,0.25584020580044353
log_kvrh,chalcogenide,0,ensemble_std,0.9008341056533827,0.25197866587193346
log_kvrh,chalcogenide,0,ensemble_std,1.0,0.26114769443396996
log_kvrh,chalcogenide,0,descriptor_distance,0.10009267840593142,0.19245329109198983
log_kvrh,chalcogenide,0,descriptor_distance,0.20018535681186284,0.2118267434887672
log_kvrh,chalcogenide,0,descriptor_distance,0.3002780352177943,0.20487341561037425
log_kvrh,chalcogenide,0,descriptor_distance,0.40037071362372567,0.21012732910935344
log_kvrh,chalcogenide,0,descriptor_distance,0.5004633920296571,0.2157401898025662
log_kvrh,chalcogenide,0,descriptor_distance,0.6005560704355886,0.22473716721339285
log_kvrh,chalcogenide,0,descriptor_distance,0.70064874884152,0.23007285290745005
log_kvrh,chalcogenide,0,descriptor_distance,0.8007414272474513,0.23334619541430732
log_kvrh,chalcogenide,0,descriptor_distance,0.9008341056533827,0.2458500220396052
log_kvrh,chalcogenide,0,descriptor_distance,1.0,0.26114769443396924
log_kvrh,chalcogenide,0,equal_rank_hybrid,0.10009267840593142,0.19013537484163578
log_kvrh,chalcogenide,0,equal_rank_hybrid,0.20018535681186284,0.2546405347053192
log_kvrh,chalcogenide,0,equal_rank_hybrid,0.3002780352177943,0.24686981470829297
log_kvrh,chalcogenide,0,equal_rank_hybrid,0.40037071362372567,0.24541238791588846
log_kvrh,chalcogenide,0,equal_rank_hybrid,0.5004633920296571,0.24123930588894316
log_kvrh,chalcogenide,0,equal_rank_hybrid,0.6005560704355886,0.2488370272389528
log_kvrh,chalcogenide,0,equal_rank_hybrid,0.70064874884152,0.25609913270421664
log_kvrh,chalcogenide,0,equal_rank_hybrid,0.8007414272474513,0.25487018870878336
log_kvrh,chalcogenide,0,equal_rank_hybrid,0.9008341056533827,0.252629650347562
log_kvrh,chalcogenide,0,equal_rank_hybrid,1.0,0.2611476944339698
log_kvrh,chalcogenide,1,ensemble_std,0.10009267840593142,0.2436490848957966
log_kvrh,chalcogenide,1,ensemble_std,0.20018535681186284,0.269082093549378
log_kvrh,chalcogenide,1,ensemble_std,0.3002780352177943,0.2833163687922445
log_kvrh,chalcogenide,1,ensemble_std,0.40037071362372567,0.27009494080216806
log_kvrh,chalcogenide,1,ensemble_std,0.5004633920296571,0.2695348841270394
log_kvrh,chalcogenide,1,ensemble_std,0.6005560704355886,0.2723485458623407
log_kvrh,chalcogenide,1,ensemble_std,0.70064874884152,0.2612204709855267
log_kvrh,chalcogenide,1,ensemble_std,0.8007414272474513,0.26293676472349853
log_kvrh,chalcogenide,1,ensemble_std,0.9008341056533827,0.26326197609161234
log_kvrh,chalcogenide,1,ensemble_std,1.0,0.26678308584591487
log_kvrh,chalcogenide,1,descriptor_distance,0.10009267840593142,0.18183518127704484
log_kvrh,chalcogenide,1,descriptor_distance,0.20018535681186284,0.15435749332519147
log_kvrh,chalcogenide,1,descriptor_distance,0.3002780352177943,0.16268484011596634
log_kvrh,chalcogenide,1,descriptor_distance,0.40037071362372567,0.18560510893796944
log_kvrh,chalcogenide,1,descriptor_distance,0.5004633920296571,0.20230020339234656
log_kvrh,chalcogenide,1,descriptor_distance,0.6005560704355886,0.21148874808464124
log_kvrh,chalcogenide,1,descriptor_distance,0.70064874884152,0.21863348091288878
log_kvrh,chalcogenide,1,descriptor_distance,0.8007414272474513,0.22465464116602313
log_kvrh,chalcogenide,1,descriptor_distance,0.9008341056533827,0.2453545169350095
log_kvrh,chalcogenide,1,descriptor_distance,1.0,0.2667830858459152
log_kvrh,chalcogenide,1,equal_rank_hybrid,0.10009267840593142,0.24722146197138511
log_kvrh,chalcogenide,1,equal_rank_hybrid,0.20018535681186284,0.2537193911915059
log_kvrh,chalcogenide,1,equal_rank_hybrid,0.3002780352177943,0.26223604195632644
log_kvrh,chalcogenide,1,equal_rank_hybrid,0.40037071362372567,0.26792465983094615
log_kvrh,chalcogenide,1,equal_rank_hybrid,0.5004633920296571,0.2673829750979486
log_kvrh,chalcogenide,1,equal_rank_hybrid,0.6005560704355886,0.2664753756600915
log_kvrh,chalcogenide,1,equal_rank_hybrid,0.70064874884152,0.26205183236348834
log_kvrh,chalcogenide,1,equal_rank_hybrid,0.8007414272474513,0.2601647425576787
log_kvrh,chalcogenide,1,equal_rank_hybrid,0.9008341056533827,0.2635461449202514
log_kvrh,chalcogenide,1,equal_rank_hybrid,1.0,0.2667830858459147
log_kvrh,chalcogenide,2,ensemble_std,0.10009267840593142,0.16754436379157045
log_kvrh,chalcogenide,2,ensemble_std,0.20018535681186284,0.212584613226228
log_kvrh,chalcogenide,2,ensemble_std,0.3002780352177943,0.2276154450309538
log_kvrh,chalcogenide,2,ensemble_std,0.40037071362372567,0.23559494657270794
log_kvrh,chalcogenide,2,ensemble_std,0.5004633920296571,0.24006785649923984
log_kvrh,chalcogenide,2,ensemble_std,0.6005560704355886,0.24531874057574565
log_kvrh,chalcogenide,2,ensemble_std,0.70064874884152,0.24230895931749527
log_kvrh,chalcogenide,2,ensemble_std,0.8007414272474513,0.2537983090874563
log_kvrh,chalcogenide,2,ensemble_std,0.9008341056533827,0.25976954267763275
log_kvrh,chalcogenide,2,ensemble_std,1.0,0.2624088021659343
log_kvrh,chalcogenide,2,descriptor_distance,0.10009267840593142,0.21511245531260778
log_kvrh,chalcogenide,2,descriptor_distance,0.20018535681186284,0.19783157913401037
log_kvrh,chalcogenide,2,descriptor_distance,0.3002780352177943,0.19948832230121358
log_kvrh,chalcogenide,2,descriptor_distance,0.40037071362372567,0.21418419669824793
log_kvrh,chalcogenide,2,descriptor_distance,0.5004633920296571,0.21704846268777586
log_kvrh,chalcogenide,2,descriptor_distance,0.6005560704355886,0.22743452565331143
log_kvrh,chalcogenide,2,descriptor_distance,0.70064874884152,0.2324854693314552
log_kvrh,chalcogenide,2,descriptor_distance,0.8007414272474513,0.23313213409579292
log_kvrh,chalcogenide,2,descriptor_distance,0.9008341056533827,0.24271316069044685
log_kvrh,chalcogenide,2,descriptor_distance,1.0,0.26240880216593454
log_kvrh,chalcogenide,2,equal_rank_hybrid,0.10009267840593142,0.15202807546838693
log_kvrh,chalcogenide,2,equal_rank_hybrid,0.20018535681186284,0.21510738820896635
log_kvrh,chalcogenide,2,equal_rank_hybrid,0.3002780352177943,0.22505623756638213
log_kvrh,chalcogenide,2,equal_rank_hybrid,0.40037071362372567,0.2363489505759425
log_kvrh,chalcogenide,2,equal_rank_hybrid,0.5004633920296571,0.24041660114655874
log_kvrh,chalcogenide,2,equal_rank_hybrid,0.6005560704355886,0.24831884081697725
log_kvrh,chalcogenide,2,equal_rank_hybrid,0.70064874884152,0.24459763070765278
log_kvrh,chalcogenide,2,equal_rank_hybrid,0.8007414272474513,0.24753286263452512
log_kvrh,chalcogenide,2,equal_rank_hybrid,0.9008341056533827,0.2555594848097942
log_kvrh,chalcogenide,2,equal_rank_hybrid,1.0,0.26240880216593426
log_kvrh,chalcogenide,3,ensemble_std,0.10009267840593142,0.2586100690741932
log_kvrh,chalcogenide,3,ensemble_std,0.20018535681186284,0.2525345943306411
log_kvrh,chalcogenide,3,ensemble_std,0.3002780352177943,0.2474659690309743
log_kvrh,chalcogenide,3,ensemble_std,0.40037071362372567,0.25244631664329764
log_kvrh,chalcogenide,3,ensemble_std,0.5004633920296571,0.2567047467822338
log_kvrh,chalcogenide,3,ensemble_std,0.6005560704355886,0.24815923527624353
log_kvrh,chalcogenide,3,ensemble_std,0.70064874884152,0.25157441012456494
log_kvrh,chalcogenide,3,ensemble_std,0.8007414272474513,0.25987647267947667
log_kvrh,chalcogenide,3,ensemble_std,0.9008341056533827,0.26427876572536263
log_kvrh,chalcogenide,3,ensemble_std,1.0,0.270980672932101
log_kvrh,chalcogenide,3,descriptor_distance,0.10009267840593142,0.2129042557472969
log_kvrh,chalcogenide,3,descriptor_distance,0.20018535681186284,0.21007894288550397
log_kvrh,chalcogenide,3,descriptor_distance,0.3002780352177943,0.22028396572144085
log_kvrh,chalcogenide,3,descriptor_distance,0.40037071362372567,0.22989349775057555
log_kvrh,chalcogenide,3,descriptor_distance,0.5004633920296571,0.23392960464005738
log_kvrh,chalcogenide,3,descriptor_distance,0.6005560704355886,0.24425042332016844
log_kvrh,chalcogenide,3,descriptor_distance,0.70064874884152,0.24611050353905706
log_kvrh,chalcogenide,3,descriptor_distance,0.8007414272474513,0.24504213783697096
log_kvrh,chalcogenide,3,descriptor_distance,0.9008341056533827,0.25274930573120763
log_kvrh,chalcogenide,3,descriptor_distance,1.0,0.27098067293210115
log_kvrh,chalcogenide,3,equal_rank_hybrid,0.10009267840593142,0.26545265843395405
log_kvrh,chalcogenide,3,equal_rank_hybrid,0.20018535681186284,0.2435628331679442
log_kvrh,chalcogenide,3,equal_rank_hybrid,0.3002780352177943,0.24050566290189385
log_kvrh,chalcogenide,3,equal_rank_hybrid,0.40037071362372567,0.2479930010004717
log_kvrh,chalcogenide,3,equal_rank_hybrid,0.5004633920296571,0.2572934356768979
log_kvrh,chalcogenide,3,equal_rank_hybrid,0.6005560704355886,0.2531640141332207
log_kvrh,chalcogenide,3,equal_rank_hybrid,0.70064874884152,0.24838289970453212
log_kvrh,chalcogenide,3,equal_rank_hybrid,0.8007414272474513,0.25474415643473775
log_kvrh,chalcogenide,3,equal_rank_hybrid,0.9008341056533827,0.2611352938791057
log_kvrh,chalcogenide,3,equal_rank_hybrid,1.0,0.2709806729321011
log_kvrh,chalcogenide,4,ensemble_std,0.10009267840593142,0.2569932347599612
log_kvrh,chalcogenide,4,ensemble_std,0.20018535681186284,0.25843422895587576
log_kvrh,chalcogenide,4,ensemble_std,0.3002780352177943,0.24125661669765405
log_kvrh,chalcogenide,4,ensemble_std,0.40037071362372567,0.24090203056517506
log_kvrh,chalcogenide,4,ensemble_std,0.5004633920296571,0.24564327874834926
log_kvrh,chalcogenide,4,ensemble_std,0.6005560704355886,0.24738569430342489
log_kvrh,chalcogenide,4,ensemble_std,0.70064874884152,0.2493150261225666
log_kvrh,chalcogenide,4,ensemble_std,0.8007414272474513,0.259886772024556
log_kvrh,chalcogenide,4,ensemble_std,0.9008341056533827,0.27010817717260244
log_kvrh,chalcogenide,4,ensemble_std,1.0,0.27628416635394965
log_kvrh,chalcogenide,4,descriptor_distance,0.10009267840593142,0.2004439500908883
log_kvrh,chalcogenide,4,descriptor_distance,0.20018535681186284,0.22852755222786372
log_kvrh,chalcogenide,4,descriptor_distance,0.3002780352177943,0.22940393797038305
log_kvrh,chalcogenide,4,descriptor_distance,0.40037071362372567,0.24047754689137069
log_kvrh,chalcogenide,4,descriptor_distance,0.5004633920296571,0.24811974627864344
log_kvrh,chalcogenide,4,descriptor_distance,0.6005560704355886,0.25247508223469617
log_kvrh,chalcogenide,4,descriptor_distance,0.70064874884152,0.2574421991473976
log_kvrh,chalcogenide,4,descriptor_distance,0.8007414272474513,0.2594754762239176
log_kvrh,chalcogenide,4,descriptor_distance,0.9008341056533827,0.264945748633283
log_kvrh,chalcogenide,4,descriptor_distance,1.0,0.2762841663539497
log_kvrh,chalcogenide,4,equal_rank_hybrid,0.10009267840593142,0.24392761039833696
log_kvrh,chalcogenide,4,equal_rank_hybrid,0.20018535681186284,0.2455779737632369
log_kvrh,chalcogenide,4,equal_rank_hybrid,0.3002780352177943,0.24265908602139247
log_kvrh,chalcogenide,4,equal_rank_hybrid,0.40037071362372567,0.2425261667038919
log_kvrh,chalcogenide,4,equal_rank_hybrid,0.5004633920296571,0.24714468516183852
log_kvrh,chalcogenide,4,equal_rank_hybrid,0.6005560704355886,0.2503765831718875
log_kvrh,chalcogenide,4,equal_rank_hybrid,0.70064874884152,0.24996881187659167
log_kvrh,chalcogenide,4,equal_rank_hybrid,0.8007414272474513,0.25809289878385566
log_kvrh,chalcogenide,4,equal_rank_hybrid,0.9008341056533827,0.2703364674998411
log_kvrh,chalcogenide,4,equal_rank_hybrid,1.0,0.2762841663539498
log_kvrh,chalcogenide,5,ensemble_std,0.10009267840593142,0.3223071357911976
log_kvrh,chalcogenide,5,ensemble_std,0.20018535681186284,0.2715754259681635
log_kvrh,chalcogenide,5,ensemble_std,0.3002780352177943,0.2608855186182813
log_kvrh,chalcogenide,5,ensemble_std,0.40037071362372567,0.2546823528778954
log_kvrh,chalcogenide,5,ensemble_std,0.5004633920296571,0.2542015828174011
log_kvrh,chalcogenide,5,ensemble_std,0.6005560704355886,0.2476862281140833
log_kvrh,chalcogenide,5,ensemble_std,0.70064874884152,0.23916391585317792
log_kvrh,chalcogenide,5,ensemble_std,0.8007414272474513,0.2442589964798373
log_kvrh,chalcogenide,5,ensemble_std,0.9008341056533827,0.24180699817098125
log_kvrh,chalcogenide,5,ensemble_std,1.0,0.2598819897428782
log_kvrh,chalcogenide,5,descriptor_distance,0.10009267840593142,0.2490068884146392
log_kvrh,chalcogenide,5,descriptor_distance,0.20018535681186284,0.23251330642824963
log_kvrh,chalcogenide,5,descriptor_distance,0.3002780352177943,0.22379946195038106
log_kvrh,chalcogenide,5,descriptor_distance,0.40037071362372567,0.21984122730282235
log_kvrh,chalcogenide,5,descriptor_distance,0.5004633920296571,0.22790976507171168
log_kvrh,chalcogenide,5,descriptor_distance,0.6005560704355886,0.23292427341125754
log_kvrh,chalcogenide,5,descriptor_distance,0.70064874884152,0.23966147154698195
log_kvrh,chalcogenide,5,descriptor_distance,0.8007414272474513,0.24787217861265454
log_kvrh,chalcogenide,5,descriptor_distance,0.9008341056533827,0.248521378052363
log_kvrh,chalcogenide,5,descriptor_distance,1.0,0.25988198974287835
log_kvrh,chalcogenide,5,equal_rank_hybrid,0.10009267840593142,0.21924725627134475
log_kvrh,chalcogenide,5,equal_rank_hybrid,0.20018535681186284,0.2647420150307327
log_kvrh,chalcogenide,5,equal_rank_hybrid,0.3002780352177943,0.26397617013965957
log_kvrh,chalcogenide,5,equal_rank_hybrid,0.40037071362372567,0.2523691679002903
log_kvrh,chalcogenide,5,equal_rank_hybrid,0.5004633920296571,0.25378644610322226
log_kvrh,chalcogenide,5,equal_rank_hybrid,0.6005560704355886,0.24998430980853056
log_kvrh,chalcogenide,5,equal_rank_hybrid,0.70064874884152,0.2416614565352302
log_kvrh,chalcogenide,5,equal_rank_hybrid,0.8007414272474513,0.24747870756446946
log_kvrh,chalcogenide,5,equal_rank_hybrid,0.9008341056533827,0.24703886818015877
log_kvrh,chalcogenide,5,equal_rank_hybrid,1.0,0.25988198974287824
log_kvrh,chalcogenide,6,ensemble_std,0.10009267840593142,0.30369196602336973
log_kvrh,chalcogenide,6,ensemble_std,0.20018535681186284,0.27561190881094216
log_kvrh,chalcogenide,6,ensemble_std,0.3002780352177943,0.2547440093044283
log_kvrh,chalcogenide,6,ensemble_std,0.40037071362372567,0.2525865063503928
log_kvrh,chalcogenide,6,ensemble_std,0.5004633920296571,0.2569899512083296
log_kvrh,chalcogenide,6,ensemble_std,0.6005560704355886,0.2473361703361422
log_kvrh,chalcogenide,6,ensemble_std,0.70064874884152,0.2398484655148301
log_kvrh,chalcogenide,6,ensemble_std,0.8007414272474513,0.23324538012920287
log_kvrh,chalcogenide,6,ensemble_std,0.9008341056533827,0.23250130285512774
log_kvrh,chalcogenide,6,ensemble_std,1.0,0.24826040723203258
log_kvrh,chalcogenide,6,descriptor_distance,0.10009267840593142,0.24254244976183567
log_kvrh,chalcogenide,6,descriptor_distance,0.20018535681186284,0.2209552587360346
log_kvrh,chalcogenide,6,descriptor_distance,0.3002780352177943,0.21193487960135818
log_kvrh,chalcogenide,6,descriptor_distance,0.40037071362372567,0.21133913917952724
log_kvrh,chalcogenide,6,descriptor_distance,0.5004633920296571,0.21379182831955415
log_kvrh,chalcogenide,6,descriptor_distance,0.6005560704355886,0.22445615268829885
log_kvrh,chalcogenide,6,descriptor_distance,0.70064874884152,0.2295632994241718
log_kvrh,chalcogenide,6,descriptor_distance,0.8007414272474513,0.23593299217632147
log_kvrh,chalcogenide,6,descriptor_distance,0.9008341056533827,0.23930523388509528
log_kvrh,chalcogenide,6,descriptor_distance,1.0,0.24826040723203274
log_kvrh,chalcogenide,6,equal_rank_hybrid,0.10009267840593142,0.24430126427488366
log_kvrh,chalcogenide,6,equal_rank_hybrid,0.20018535681186284,0.2424346861932845
log_kvrh,chalcogenide,6,equal_rank_hybrid,0.3002780352177943,0.26495084571218974
log_kvrh,chalcogenide,6,equal_rank_hybrid,0.40037071362372567,0.25561846645497543
log_kvrh,chalcogenide,6,equal_rank_hybrid,0.5004633920296571,0.25278608055507445
log_kvrh,chalcogenide,6,equal_rank_hybrid,0.6005560704355886,0.24829603562410177
log_kvrh,chalcogenide,6,equal_rank_hybrid,0.70064874884152,0.23972445906437118
log_kvrh,chalcogenide,6,equal_rank_hybrid,0.8007414272474513,0.23838339123612945
log_kvrh,chalcogenide,6,equal_rank_hybrid,0.9008341056533827,0.2339830290232566
log_kvrh,chalcogenide,6,equal_rank_hybrid,1.0,0.2482604072320327
log_kvrh,chalcogenide,7,ensemble_std,0.10009267840593142,0.22519821752119745
log_kvrh,chalcogenide,7,ensemble_std,0.20018535681186284,0.25714890432026344
log_kvrh,chalcogenide,7,ensemble_std,0.3002780352177943,0.239777452036759
log_kvrh,chalcogenide,7,ensemble_std,0.40037071362372567,0.24643481349502305
log_kvrh,chalcogenide,7,ensemble_std,0.5004633920296571,0.25098921809043573
log_kvrh,chalcogenide,7,ensemble_std,0.6005560704355886,0.24912569833735151
log_kvrh,chalcogenide,7,ensemble_std,0.70064874884152,0.2516242304228122
log_kvrh,chalcogenide,7,ensemble_std,0.8007414272474513,0.25621446788184726
log_kvrh,chalcogenide,7,ensemble_std,0.9008341056533827,0.2578570468902812
log_kvrh,chalcogenide,7,ensemble_std,1.0,0.2629183249879305
log_kvrh,chalcogenide,7,descriptor_distance,0.10009267840593142,0.21654661488029386
log_kvrh,chalcogenide,7,descriptor_distance,0.20018535681186284,0.20236225710000647
log_kvrh,chalcogenide,7,descriptor_distance,0.3002780352177943,0.20766597764059425
log_kvrh,chalcogenide,7,descriptor_distance,0.40037071362372567,0.21168577339332637
log_kvrh,chalcogenide,7,descriptor_distance,0.5004633920296571,0.22236461914648287
log_kvrh,chalcogenide,7,descriptor_distance,0.6005560704355886,0.2304476837373398
log_kvrh,chalcogenide,7,descriptor_distance,0.70064874884152,0.23518381497203
log_kvrh,chalcogenide,7,descriptor_distance,0.8007414272474513,0.23540298816393068
log_kvrh,chalcogenide,7,descriptor_distance,0.9008341056533827,0.24288358129074533
log_kvrh,chalcogenide,7,descriptor_distance,1.0,0.2629183249879302
log_kvrh,chalcogenide,7,equal_rank_hybrid,0.10009267840593142,0.2102171335037507
log_kvrh,chalcogenide,7,equal_rank_hybrid,0.20018535681186284,0.24662730368777766
log_kvrh,chalcogenide,7,equal_rank_hybrid,0.3002780352177943,0.24568195422056588
log_kvrh,chalcogenide,7,equal_rank_hybrid,0.40037071362372567,0.24938573284319704
log_kvrh,chalcogenide,7,equal_rank_hybrid,0.5004633920296571,0.2512925018991072
log_kvrh,chalcogenide,7,equal_rank_hybrid,0.6005560704355886,0.25071803818565025
log_kvrh,chalcogenide,7,equal_rank_hybrid,0.70064874884152,0.2515296933991217
log_kvrh,chalcogenide,7,equal_rank_hybrid,0.8007414272474513,0.2538103592377248
log_kvrh,chalcogenide,7,equal_rank_hybrid,0.9008341056533827,0.26032494942172796
log_kvrh,chalcogenide,7,equal_rank_hybrid,1.0,0.26291832498793044
log_kvrh,chalcogenide,8,ensemble_std,0.10009267840593142,0.3036946253525597
log_kvrh,chalcogenide,8,ensemble_std,0.20018535681186284,0.26686068385913686
log_kvrh,chalcogenide,8,ensemble_std,0.3002780352177943,0.26118438744949374
log_kvrh,chalcogenide,8,ensemble_std,0.40037071362372567,0.2472652476609088
log_kvrh,chalcogenide,8,ensemble_std,0.5004633920296571,0.2609526339201165
log_kvrh,chalcogenide,8,ensemble_std,0.6005560704355886,0.27441523441934496
log_kvrh,chalcogenide,8,ensemble_std,0.70064874884152,0.27749047649739866
log_kvrh,chalcogenide,8,ensemble_std,0.8007414272474513,0.27352661713035925
log_kvrh,chalcogenide,8,ensemble_std,0.9008341056533827,0.2725458664623998
log_kvrh,chalcogenide,8,ensemble_std,1.0,0.2828150710814933
log_kvrh,chalcogenide,8,descriptor_distance,0.10009267840593142,0.2051767874444039
log_kvrh,chalcogenide,8,descriptor_distance,0.20018535681186284,0.22202319590556321
log_kvrh,chalcogenide,8,descriptor_distance,0.3002780352177943,0.2197046449745643
log_kvrh,chalcogenide,8,descriptor_distance,0.40037071362372567,0.2345203808615641
log_kvrh,chalcogenide,8,descriptor_distance,0.5004633920296571,0.23887954864204924
log_kvrh,chalcogenide,8,descriptor_distance,0.6005560704355886,0.24735534186613833
log_kvrh,chalcogenide,8,descriptor_distance,0.70064874884152,0.24977566601942505
log_kvrh,chalcogenide,8,descriptor_distance,0.8007414272474513,0.26743992037730746
log_kvrh,chalcogenide,8,descriptor_distance,0.9008341056533827,0.2680117185014511
log_kvrh,chalcogenide,8,descriptor_distance,1.0,0.2828150710814935
log_kvrh,chalcogenide,8,equal_rank_hybrid,0.10009267840593142,0.24013582138924555
log_kvrh,chalcogenide,8,equal_rank_hybrid,0.20018535681186284,0.2526241746248572
log_kvrh,chalcogenide,8,equal_rank_hybrid,0.3002780352177943,0.2489514849509604
log_kvrh,chalcogenide,8,equal_rank_hybrid,0.40037071362372567,0.2512807085912959
log_kvrh,chalcogenide,8,equal_rank_hybrid,0.5004633920296571,0.25109446417223397
log_kvrh,chalcogenide,8,equal_rank_hybrid,0.6005560704355886,0.27157473873957266
log_kvrh,chalcogenide,8,equal_rank_hybrid,0.70064874884152,0.277752197664939
log_kvrh,chalcogenide,8,equal_rank_hybrid,0.8007414272474513,0.27482699519527626
log_kvrh,chalcogenide,8,equal_rank_hybrid,0.9008341056533827,0.27591528271325255
log_kvrh,chalcogenide,8,equal_rank_hybrid,1.0,0.2828150710814933
log_kvrh,chalcogenide,9,ensemble_std,0.10009267840593142,0.1798149380471068
log_kvrh,chalcogenide,9,ensemble_std,0.20018535681186284,0.2346971700328218
log_kvrh,chalcogenide,9,ensemble_std,0.3002780352177943,0.2422948115364122
log_kvrh,chalcogenide,9,ensemble_std,0.40037071362372567,0.25151740602268524
log_kvrh,chalcogenide,9,ensemble_std,0.5004633920296571,0.27001788169925506
log_kvrh,chalcogenide,9,ensemble_std,0.6005560704355886,0.2687324546818621
log_kvrh,chalcogenide,9,ensemble_std,0.70064874884152,0.2604568256889835
log_kvrh,chalcogenide,9,ensemble_std,0.8007414272474513,0.2542513500605542
log_kvrh,chalcogenide,9,ensemble_std,0.9008341056533827,0.25424013202766715
log_kvrh,chalcogenide,9,ensemble_std,1.0,0.2580501075863247
log_kvrh,chalcogenide,9,descriptor_distance,0.10009267840593142,0.1757538570323129
log_kvrh,chalcogenide,9,descriptor_distance,0.20018535681186284,0.19672773276282116
log_kvrh,chalcogenide,9,descriptor_distance,0.3002780352177943,0.19583529558606258
log_kvrh,chalcogenide,9,descriptor_distance,0.40037071362372567,0.2067610081697232
log_kvrh,chalcogenide,9,descriptor_distance,0.5004633920296571,0.21943474158963122
log_kvrh,chalcogenide,9,descriptor_distance,0.6005560704355886,0.22331573453414255
log_kvrh,chalcogenide,9,descriptor_distance,0.70064874884152,0.22011167668366155
log_kvrh,chalcogenide,9,descriptor_distance,0.8007414272474513,0.22260175624980721
log_kvrh,chalcogenide,9,descriptor_distance,0.9008341056533827,0.24278295293145993
log_kvrh,chalcogenide,9,descriptor_distance,1.0,0.2580501075863247
log_kvrh,chalcogenide,9,equal_rank_hybrid,0.10009267840593142,0.1588182512355107
log_kvrh,chalcogenide,9,equal_rank_hybrid,0.20018535681186284,0.20338651092764948
log_kvrh,chalcogenide,9,equal_rank_hybrid,0.3002780352177943,0.2358627015786048
log_kvrh,chalcogenide,9,equal_rank_hybrid,0.40037071362372567,0.24697994513827995
log_kvrh,chalcogenide,9,equal_rank_hybrid,0.5004633920296571,0.254565438615805
log_kvrh,chalcogenide,9,equal_rank_hybrid,0.6005560704355886,0.2648828285164259
log_kvrh,chalcogenide,9,equal_rank_hybrid,0.70064874884152,0.25558391582330886
log_kvrh,chalcogenide,9,equal_rank_hybrid,0.8007414272474513,0.251293370847511
log_kvrh,chalcogenide,9,equal_rank_hybrid,0.9008341056533827,0.2484125489769802
log_kvrh,chalcogenide,9,equal_rank_hybrid,1.0,0.2580501075863248
log_kvrh,halide,0,ensemble_std,0.10067873303167421,0.4997524649977152
log_kvrh,halide,0,ensemble_std,0.2002262443438914,0.47451027333879303
log_kvrh,halide,0,ensemble_std,0.3009049773755656,0.40573850594177546
log_kvrh,halide,0,ensemble_std,0.4004524886877828,0.3792917394260339
log_kvrh,halide,0,ensemble_std,0.5,0.36190434452270887
log_kvrh,halide,0,ensemble_std,0.6006787330316742,0.36097172619369305
log_kvrh,halide,0,ensemble_std,0.7002262443438914,0.36142400206588315
log_kvrh,halide,0,ensemble_std,0.8009049773755657,0.384468054313094
log_kvrh,halide,0,ensemble_std,0.9004524886877828,0.3938146420633697
log_kvrh,halide,0,ensemble_std,1.0,0.3950355317921889
log_kvrh,halide,0,descriptor_distance,0.10067873303167421,0.37144310697897276
log_kvrh,halide,0,descriptor_distance,0.2002262443438914,0.41859547538925457
log_kvrh,halide,0,descriptor_distance,0.3009049773755656,0.40852350957473854
log_kvrh,halide,0,descriptor_distance,0.4004524886877828,0.40759624624090296
log_kvrh,halide,0,descriptor_distance,0.5,0.38591715236119
log_kvrh,halide,0,descriptor_distance,0.6006787330316742,0.3661371036012474
log_kvrh,halide,0,descriptor_distance,0.7002262443438914,0.36064448684990214
log_kvrh,halide,0,descriptor_distance,0.8009049773755657,0.3532679189345421
log_kvrh,halide,0,descriptor_distance,0.9004524886877828,0.3513293048444782
log_kvrh,halide,0,descriptor_distance,1.0,0.3950355317921886
log_kvrh,halide,0,equal_rank_hybrid,0.10067873303167421,0.4496474747353907
log_kvrh,halide,0,equal_rank_hybrid,0.2002262443438914,0.4722573560278055
log_kvrh,halide,0,equal_rank_hybrid,0.3009049773755656,0.45640830706722196
log_kvrh,halide,0,equal_rank_hybrid,0.4004524886877828,0.4491031179799246
log_kvrh,halide,0,equal_rank_hybrid,0.5,0.4343627325285823
log_kvrh,halide,0,equal_rank_hybrid,0.6006787330316742,0.41632669699530406
log_kvrh,halide,0,equal_rank_hybrid,0.7002262443438914,0.40817060126488297
log_kvrh,halide,0,equal_rank_hybrid,0.8009049773755657,0.3948092388417603
log_kvrh,halide,0,equal_rank_hybrid,0.9004524886877828,0.3886419399536666
log_kvrh,halide,0,equal_rank_hybrid,1.0,0.3950355317921886
log_kvrh,halide,1,ensemble_std,0.10067873303167421,0.34385047456401296
log_kvrh,halide,1,ensemble_std,0.2002262443438914,0.35582297146878183
log_kvrh,halide,1,ensemble_std,0.3009049773755656,0.3246770714133182
log_kvrh,halide,1,ensemble_std,0.4004524886877828,0.32195129910153625
log_kvrh,halide,1,ensemble_std,0.5,0.31507191369529713
log_kvrh,halide,1,ensemble_std,0.6006787330316742,0.31416230793170197
log_kvrh,halide,1,ensemble_std,0.7002262443438914,0.31399665727649556
log_kvrh,halide,1,ensemble_std,0.8009049773755657,0.3282001129289954
log_kvrh,halide,1,ensemble_std,0.9004524886877828,0.3365787009870776
log_kvrh,halide,1,ensemble_std,1.0,0.3450660268865591
log_kvrh,halide,1,descriptor_distance,0.10067873303167421,0.22168584529829624
log_kvrh,halide,1,descriptor_distance,0.2002262443438914,0.21360528704395423
log_kvrh,halide,1,descriptor_distance,0.3009049773755656,0.23780586947428026
log_kvrh,halide,1,descriptor_distance,0.4004524886877828,0.2697954780807945
log_kvrh,halide,1,descriptor_distance,0.5,0.271824999342579
log_kvrh,halide,1,descriptor_distance,0.6006787330316742,0.28230274099911884
log_kvrh,halide,1,descriptor_distance,0.7002262443438914,0.2756235440093519
log_kvrh,halide,1,descriptor_distance,0.8009049773755657,0.30371029098075847
log_kvrh,halide,1,descriptor_distance,0.9004524886877828,0.29906843784138903
log_kvrh,halide,1,descriptor_distance,1.0,0.34506602688655863
log_kvrh,halide,1,equal_rank_hybrid,0.10067873303167421,0.23808889432306968
log_kvrh,halide,1,equal_rank_hybrid,0.2002262443438914,0.29114481657256774
log_kvrh,halide,1,equal_rank_hybrid,0.3009049773755656,0.2874434735833088
log_kvrh,halide,1,equal_rank_hybrid,0.4004524886877828,0.2892508933185485
log_kvrh,halide,1,equal_rank_hybrid,0.5,0.29201373193957203
log_kvrh,halide,1,equal_rank_hybrid,0.6006787330316742,0.2957135050780024
log_kvrh,halide,1,equal_rank_hybrid,0.7002262443438914,0.30267459776663674
log_kvrh,halide,1,equal_rank_hybrid,0.8009049773755657,0.3211468330447542
log_kvrh,halide,1,equal_rank_hybrid,0.9004524886877828,0.3378824154089512
log_kvrh,halide,1,equal_rank_hybrid,1.0,0.34506602688655913
log_kvrh,halide,2,ensemble_std,0.10067873303167421,0.23064022544690807
log_kvrh,halide,2,ensemble_std,0.2002262443438914,0.28290750792600095
log_kvrh,halide,2,ensemble_std,0.3009049773755656,0.3241687698606458
log_kvrh,halide,2,ensemble_std,0.4004524886877828,0.33541156000876626
log_kvrh,halide,2,ensemble_std,0.5,0.34898419058346286
log_kvrh,halide,2,ensemble_std,0.6006787330316742,0.35682300410773243
log_kvrh,halide,2,ensemble_std,0.7002262443438914,0.3833448595095772
log_kvrh,halide,2,ensemble_std,0.8009049773755657,0.38783170243148807
log_kvrh,halide,2,ensemble_std,0.9004524886877828,0.39372880084874956
log_kvrh,halide,2,ensemble_std,1.0,0.39407930182856904
log_kvrh,halide,2,descriptor_distance,0.10067873303167421,0.413554223049792
log_kvrh,halide,2,descriptor_distance,0.2002262443438914,0.4462611017008622
log_kvrh,halide,2,descriptor_distance,0.3009049773755656,0.41379694431087743
log_kvrh,halide,2,descriptor_distance,0.4004524886877828,0.39605758121395074
log_kvrh,halide,2,descriptor_distance,0.5,0.3834090976958819
log_kvrh,halide,2,descriptor_distance,0.6006787330316742,0.37106356486866543
log_kvrh,halide,2,descriptor_distance,0.7002262443438914,0.3674356261022201
log_kvrh,halide,2,descriptor_distance,0.8009049773755657,0.36852799674462733
log_kvrh,halide,2,descriptor_distance,0.9004524886877828,0.35750996462716056
log_kvrh,halide,2,descriptor_distance,1.0,0.39407930182856893
log_kvrh,halide,2,equal_rank_hybrid,0.10067873303167421,0.3385182210027821
log_kvrh,halide,2,equal_rank_hybrid,0.2002262443438914,0.3279277982800915
log_kvrh,halide,2,equal_rank_hybrid,0.3009049773755656,0.3429592614473474
log_kvrh,halide,2,equal_rank_hybrid,0.4004524886877828,0.3597192716407495
log_kvrh,halide,2,equal_rank_hybrid,0.5,0.3614553530681423
log_kvrh,halide,2,equal_rank_hybrid,0.6006787330316742,0.36622966711204
log_kvrh,halide,2,equal_rank_hybrid,0.7002262443438914,0.3740455599883388
log_kvrh,halide,2,equal_rank_hybrid,0.8009049773755657,0.3804402472839933
log_kvrh,halide,2,equal_rank_hybrid,0.9004524886877828,0.3888205529514589
log_kvrh,halide,2,equal_rank_hybrid,1.0,0.39407930182856976
log_kvrh,halide,3,ensemble_std,0.10067873303167421,0.30518883505305683
log_kvrh,halide,3,ensemble_std,0.2002262443438914,0.292582444191925
log_kvrh,halide,3,ensemble_std,0.3009049773755656,0.34452839703013727
log_kvrh,halide,3,ensemble_std,0.4004524886877828,0.3519430139069044
log_kvrh,halide,3,ensemble_std,0.5,0.36845437514073925
log_kvrh,halide,3,ensemble_std,0.6006787330316742,0.39707179878884147
log_kvrh,halide,3,ensemble_std,0.7002262443438914,0.40707138797230796
log_kvrh,halide,3,ensemble_std,0.8009049773755657,0.4068134288516227
log_kvrh,halide,3,ensemble_std,0.9004524886877828,0.4124429538273742
log_kvrh,halide,3,ensemble_std,1.0,0.4099596682542943
log_kvrh,halide,3,descriptor_distance,0.10067873303167421,0.384565289029605
log_kvrh,halide,3,descriptor_distance,0.2002262443438914,0.40863705525433996
log_kvrh,halide,3,descriptor_distance,0.3009049773755656,0.4079878544727998
log_kvrh,halide,3,descriptor_distance,0.4004524886877828,0.39741629446511983
log_kvrh,halide,3,descriptor_distance,0.5,0.3905582683033877
log_kvrh,halide,3,descriptor_distance,0.6006787330316742,0.3796766660932272
log_kvrh,halide,3,descriptor_distance,0.7002262443438914,0.37155110089831833
log_kvrh,halide,3,descriptor_distance,0.8009049773755657,0.3790215123093289
log_kvrh,halide,3,descriptor_distance,0.9004524886877828,0.3719146130194044
log_kvrh,halide,3,descriptor_distance,1.0,0.40995966825429386
log_kvrh,halide,3,equal_rank_hybrid,0.10067873303167421,0.33030962040550826
log_kvrh,halide,3,equal_rank_hybrid,0.2002262443438914,0.3308720441933805
log_kvrh,halide,3,equal_rank_hybrid,0.3009049773755656,0.3427989374593362
log_kvrh,halide,3,equal_rank_hybrid,0.4004524886877828,0.35958641403590713
log_kvrh,halide,3,equal_rank_hybrid,0.5,0.378343458606314
log_kvrh,halide,3,equal_rank_hybrid,0.6006787330316742,0.3837443621338526
log_kvrh,halide,3,equal_rank_hybrid,0.7002262443438914,0.39113032077154747
log_kvrh,halide,3,equal_rank_hybrid,0.8009049773755657,0.40332842638006033
log_kvrh,halide,3,equal_rank_hybrid,0.9004524886877828,0.4021898663119777
log_kvrh,halide,3,equal_rank_hybrid,1.0,0.4099596682542938
log_kvrh,halide,4,ensemble_std,0.10067873303167421,0.4143689924886056
log_kvrh,halide,4,ensemble_std,0.2002262443438914,0.43034197354090137
log_kvrh,halide,4,ensemble_std,0.3009049773755656,0.3991932118230198
log_kvrh,halide,4,ensemble_std,0.4004524886877828,0.39359928898062146
log_kvrh,halide,4,ensemble_std,0.5,0.3922698084944256
log_kvrh,halide,4,ensemble_std,0.6006787330316742,0.3798465627379483
log_kvrh,halide,4,ensemble_std,0.7002262443438914,0.37329859139465005
log_kvrh,halide,4,ensemble_std,0.8009049773755657,0.3654742041723521
log_kvrh,halide,4,ensemble_std,0.9004524886877828,0.35883824737267533
log_kvrh,halide,4,ensemble_std,1.0,0.3489033278859473
log_kvrh,halide,4,descriptor_distance,0.10067873303167421,0.1900066013728773
log_kvrh,halide,4,descriptor_distance,0.2002262443438914,0.22077062203456962
log_kvrh,halide,4,descriptor_distance,0.3009049773755656,0.22484990597379642
log_kvrh,halide,4,descriptor_distance,0.4004524886877828,0.24170772692627143
log_kvrh,halide,4,descriptor_distance,0.5,0.24778703678180974
log_kvrh,halide,4,descriptor_distance,0.6006787330316742,0.2588584764295713
log_kvrh,halide,4,descriptor_distance,0.7002262443438914,0.26718696354621946
log_kvrh,halide,4,descriptor_distance,0.8009049773755657,0.28880469879399734
log_kvrh,halide,4,descriptor_distance,0.9004524886877828,0.3052987258871362
log_kvrh,halide,4,descriptor_distance,1.0,0.3489033278859476
log_kvrh,halide,4,equal_rank_hybrid,0.10067873303167421,0.32013402902595267
log_kvrh,halide,4,equal_rank_hybrid,0.2002262443438914,0.3929412357496142
log_kvrh,halide,4,equal_rank_hybrid,0.3009049773755656,0.3707187210527484
log_kvrh,halide,4,equal_rank_hybrid,0.4004524886877828,0.3546491877921142
log_kvrh,halide,4,equal_rank_hybrid,0.5,0.3370164851375269
log_kvrh,halide,4,equal_rank_hybrid,0.6006787330316742,0.3360720049753634
log_kvrh,halide,4,equal_rank_hybrid,0.7002262443438914,0.3304663836009648
log_kvrh,halide,4,equal_rank_hybrid,0.8009049773755657,0.3333413800209619
log_kvrh,halide,4,equal_rank_hybrid,0.9004524886877828,0.33117223781427757
log_kvrh,halide,4,equal_rank_hybrid,1.0,0.3489033278859469
log_kvrh,halide,5,ensemble_std,0.10067873303167421,0.41068687656188074
log_kvrh,halide,5,ensemble_std,0.2002262443438914,0.40938381083968167
log_kvrh,halide,5,ensemble_std,0.3009049773755656,0.3820599901461232
log_kvrh,halide,5,ensemble_std,0.4004524886877828,0.38111767785061645
log_kvrh,halide,5,ensemble_std,0.5,0.36265585367310765
log_kvrh,halide,5,ensemble_std,0.6006787330316742,0.3633534171132283
log_kvrh,halide,5,ensemble_std,0.7002262443438914,0.3624061537822323
log_kvrh,halide,5,ensemble_std,0.8009049773755657,0.3837598924246568
log_kvrh,halide,5,ensemble_std,0.9004524886877828,0.39464278203070147
log_kvrh,halide,5,ensemble_std,1.0,0.4026993968130756
log_kvrh,halide,5,descriptor_distance,0.10067873303167421,0.4002915642489823
log_kvrh,halide,5,descriptor_distance,0.2002262443438914,0.44602665202354114
log_kvrh,halide,5,descriptor_distance,0.3009049773755656,0.4251480218167579
log_kvrh,halide,5,descriptor_distance,0.4004524886877828,0.4105559136363981
log_kvrh,halide,5,descriptor_distance,0.5,0.400331798593878
log_kvrh,halide,5,descriptor_distance,0.6006787330316742,0.38109803069443965
log_kvrh,halide,5,descriptor_distance,0.7002262443438914,0.3673620102091701
log_kvrh,halide,5,descriptor_distance,0.8009049773755657,0.36738274570885066
log_kvrh,halide,5,descriptor_distance,0.9004524886877828,0.3617702848702699
log_kvrh,halide,5,descriptor_distance,1.0,0.40269939681307504
log_kvrh,halide,5,equal_rank_hybrid,0.10067873303167421,0.41202027392448587
log_kvrh,halide,5,equal_rank_hybrid,0.2002262443438914,0.3999519068181089
log_kvrh,halide,5,equal_rank_hybrid,0.3009049773755656,0.3965277661100637
log_kvrh,halide,5,equal_rank_hybrid,0.4004524886877828,0.4142445504081501
log_kvrh,halide,5,equal_rank_hybrid,0.5,0.4126673732931465
log_kvrh,halide,5,equal_rank_hybrid,0.6006787330316742,0.41058009813899465
log_kvrh,halide,5,equal_rank_hybrid,0.7002262443438914,0.4117455348249805
log_kvrh,halide,5,equal_rank_hybrid,0.8009049773755657,0.3952383732883465
log_kvrh,halide,5,equal_rank_hybrid,0.9004524886877828,0.39244398105323824
log_kvrh,halide,5,equal_rank_hybrid,1.0,0.4026993968130754
log_kvrh,halide,6,ensemble_std,0.10067873303167421,0.27470247312129054
log_kvrh,halide,6,ensemble_std,0.2002262443438914,0.25754317211491706
log_kvrh,halide,6,ensemble_std,0.3009049773755656,0.27041854561036616
log_kvrh,halide,6,ensemble_std,0.4004524886877828,0.3049194569130277
log_kvrh,halide,6,ensemble_std,0.5,0.33637943447930196
log_kvrh,halide,6,ensemble_std,0.6006787330316742,0.35234145453911975
log_kvrh,halide,6,ensemble_std,0.7002262443438914,0.3805874224210739
log_kvrh,halide,6,ensemble_std,0.8009049773755657,0.3878156837395327
log_kvrh,halide,6,ensemble_std,0.9004524886877828,0.38398168568211694
log_kvrh,halide,6,ensemble_std,1.0,0.3822923706162802
log_kvrh,halide,6,descriptor_distance,0.10067873303167421,0.3884968621470559
log_kvrh,halide,6,descriptor_distance,0.2002262443438914,0.41867433699237444
log_kvrh,halide,6,descriptor_distance,0.3009049773755656,0.4168190510207701
log_kvrh,halide,6,descriptor_distance,0.4004524886877828,0.4082026353392917
log_kvrh,halide,6,descriptor_distance,0.5,0.38669951660628865
log_kvrh,halide,6,descriptor_distance,0.6006787330316742,0.36712955042241174
log_kvrh,halide,6,descriptor_distance,0.7002262443438914,0.35992248200727867
log_kvrh,halide,6,descriptor_distance,0.8009049773755657,0.35834649546804015
log_kvrh,halide,6,descriptor_distance,0.9004524886877828,0.3475609970955259
log_kvrh,halide,6,descriptor_distance,1.0,0.3822923706162799
log_kvrh,halide,6,equal_rank_hybrid,0.10067873303167421,0.3478791794579479
log_kvrh,halide,6,equal_rank_hybrid,0.2002262443438914,0.32997969895310997
log_kvrh,halide,6,equal_rank_hybrid,0.3009049773755656,0.30975985884752644
log_kvrh,halide,6,equal_rank_hybrid,0.4004524886877828,0.3344521431543519
log_kvrh,halide,6,equal_rank_hybrid,0.5,0.34450051805193105
log_kvrh,halide,6,equal_rank_hybrid,0.6006787330316742,0.35625609835856104
log_kvrh,halide,6,equal_rank_hybrid,0.7002262443438914,0.3629633220661771
log_kvrh,halide,6,equal_rank_hybrid,0.8009049773755657,0.3631224418317786
log_kvrh,halide,6,equal_rank_hybrid,0.9004524886877828,0.3595533202499397
log_kvrh,halide,6,equal_rank_hybrid,1.0,0.3822923706162801
log_kvrh,halide,7,ensemble_std,0.10067873303167421,0.3926873126756453
log_kvrh,halide,7,ensemble_std,0.2002262443438914,0.4599804316376347
log_kvrh,halide,7,ensemble_std,0.3009049773755656,0.44814513936166156
log_kvrh,halide,7,ensemble_std,0.4004524886877828,0.4493725509699368
log_kvrh,halide,7,ensemble_std,0.5,0.43563035382924414
log_kvrh,halide,7,ensemble_std,0.6006787330316742,0.4201051490612522
log_kvrh,halide,7,ensemble_std,0.7002262443438914,0.41796091395886403
log_kvrh,halide,7,ensemble_std,0.8009049773755657,0.416165339135515
log_kvrh,halide,7,ensemble_std,0.9004524886877828,0.4085643527903257
log_kvrh,halide,7,ensemble_std,1.0,0.4084604163048495
log_kvrh,halide,7,descriptor_distance,0.10067873303167421,0.4072381242548704
log_kvrh,halide,7,descriptor_distance,0.2002262443438914,0.4554922849344061
log_kvrh,halide,7,descriptor_distance,0.3009049773755656,0.43980762718580263
log_kvrh,halide,7,descriptor_distance,0.4004524886877828,0.42223676213859757
log_kvrh,halide,7,descriptor_distance,0.5,0.4136139616207893
log_kvrh,halide,7,descriptor_distance,0.6006787330316742,0.39636815304160616
log_kvrh,halide,7,descriptor_distance,0.7002262443438914,0.3793408059374222
log_kvrh,halide,7,descriptor_distance,0.8009049773755657,0.3802297752892996
log_kvrh,halide,7,descriptor_distance,0.9004524886877828,0.3717847945618627
log_kvrh,halide,7,descriptor_distance,1.0,0.4084604163048493
log_kvrh,halide,7,equal_rank_hybrid,0.10067873303167421,0.3975203689406505
log_kvrh,halide,7,equal_rank_hybrid,0.2002262443438914,0.4176180850194133
log_kvrh,halide,7,equal_rank_hybrid,0.3009049773755656,0.44059431127092274
log_kvrh,halide,7,equal_rank_hybrid,0.4004524886877828,0.4494325584386195
log_kvrh,halide,7,equal_rank_hybrid,0.5,0.4483626346550514
log_kvrh,halide,7,equal_rank_hybrid,0.6006787330316742,0.44312815017525803
log_kvrh,halide,7,equal_rank_hybrid,0.7002262443438914,0.43551640430643385
log_kvrh,halide,7,equal_rank_hybrid,0.8009049773755657,0.4230859884904352
log_kvrh,halide,7,equal_rank_hybrid,0.9004524886877828,0.41097917462708256
log_kvrh,halide,7,equal_rank_hybrid,1.0,0.408460416304849
log_kvrh,halide,8,ensemble_std,0.10067873303167421,0.3330491860038177
log_kvrh,halide,8,ensemble_std,0.2002262443438914,0.35150172147924974
log_kvrh,halide,8,ensemble_std,0.3009049773755656,0.3845143659906061
log_kvrh,halide,8,ensemble_std,0.4004524886877828,0.3868966271985468
log_kvrh,halide,8,ensemble_std,0.5,0.38898280251249245
log_kvrh,halide,8,ensemble_std,0.6006787330316742,0.38644636831104123
log_kvrh,halide,8,ensemble_std,0.7002262443438914,0.3934146447149542
log_kvrh,halide,8,ensemble_std,0.8009049773755657,0.41633756309933917
log_kvrh,halide,8,ensemble_std,0.9004524886877828,0.4250835115867241
log_kvrh,halide,8,ensemble_std,1.0,0.4270342765547846
log_kvrh,halide,8,descriptor_distance,0.10067873303167421,0.4710476277962407
log_kvrh,halide,8,descriptor_distance,0.2002262443438914,0.4782953214933167
log_kvrh,halide,8,descriptor_distance,0.3009049773755656,0.4434034707475698
log_kvrh,halide,8,descriptor_distance,0.4004524886877828,0.43209916281054356
log_kvrh,halide,8,descriptor_distance,0.5,0.4170130847162276
log_kvrh,halide,8,descriptor_distance,0.6006787330316742,0.40848564985841224
log_kvrh,halide,8,descriptor_distance,0.7002262443438914,0.3973101840352709
log_kvrh,halide,8,descriptor_distance,0.8009049773755657,0.3991386651248562
log_kvrh,halide,8,descriptor_distance,0.9004524886877828,0.39203428050618505
log_kvrh,halide,8,descriptor_distance,1.0,0.4270342765547845
log_kvrh,halide,8,equal_rank_hybrid,0.10067873303167421,0.36311614766344763
log_kvrh,halide,8,equal_rank_hybrid,0.2002262443438914,0.3749697522121342
log_kvrh,halide,8,equal_rank_hybrid,0.3009049773755656,0.380410239407454
log_kvrh,halide,8,equal_rank_hybrid,0.4004524886877828,0.40630414962451644
log_kvrh,halide,8,equal_rank_hybrid,0.5,0.415485314007658
log_kvrh,halide,8,equal_rank_hybrid,0.6006787330316742,0.4292729164337855
log_kvrh,halide,8,equal_rank_hybrid,0.7002262443438914,0.41909961770897936
log_kvrh,halide,8,equal_rank_hybrid,0.8009049773755657,0.417601895588643
log_kvrh,halide,8,equal_rank_hybrid,0.9004524886877828,0.41626630553375726
log_kvrh,halide,8,equal_rank_hybrid,1.0,0.42703427655478504
log_kvrh,halide,9,ensemble_std,0.10067873303167421,0.314377771577365
log_kvrh,halide,9,ensemble_std,0.2002262443438914,0.34709857654310505
log_kvrh,halide,9,ensemble_std,0.3009049773755656,0.36543116381757346
log_kvrh,halide,9,ensemble_std,0.4004524886877828,0.37088280660332873
log_kvrh,halide,9,ensemble_std,0.5,0.3629671282186928
log_kvrh,halide,9,ensemble_std,0.6006787330316742,0.36926444003286424
log_kvrh,halide,9,ensemble_std,0.7002262443438914,0.3750835975476228
log_kvrh,halide,9,ensemble_std,0.8009049773755657,0.3889703781977528
log_kvrh,halide,9,ensemble_std,0.9004524886877828,0.3977283057454886
log_kvrh,halide,9,ensemble_std,1.0,0.40138498948557405
log_kvrh,halide,9,descriptor_distance,0.10067873303167421,0.4349551077229771
log_kvrh,halide,9,descriptor_distance,0.2002262443438914,0.4562625630941303
log_kvrh,halide,9,descriptor_distance,0.3009049773755656,0.42297425829165336
log_kvrh,halide,9,descriptor_distance,0.4004524886877828,0.4054456603073296
log_kvrh,halide,9,descriptor_distance,0.5,0.39217630056646113
log_kvrh,halide,9,descriptor_distance,0.6006787330316742,0.37768761083771124
log_kvrh,halide,9,descriptor_distance,0.7002262443438914,0.36850910158369843
log_kvrh,halide,9,descriptor_distance,0.8009049773755657,0.3660692763834485
log_kvrh,halide,9,descriptor_distance,0.9004524886877828,0.3621828346708855
log_kvrh,halide,9,descriptor_distance,1.0,0.4013849894855736
log_kvrh,halide,9,equal_rank_hybrid,0.10067873303167421,0.4042908866653589
log_kvrh,halide,9,equal_rank_hybrid,0.2002262443438914,0.36406923387731993
log_kvrh,halide,9,equal_rank_hybrid,0.3009049773755656,0.3723942365612619
log_kvrh,halide,9,equal_rank_hybrid,0.4004524886877828,0.40408213772799867
log_kvrh,halide,9,equal_rank_hybrid,0.5,0.4110459309053822
log_kvrh,halide,9,equal_rank_hybrid,0.6006787330316742,0.40907355651371735
log_kvrh,halide,9,equal_rank_hybrid,0.7002262443438914,0.39997725876012996
log_kvrh,halide,9,equal_rank_hybrid,0.8009049773755657,0.3958785868607943
log_kvrh,halide,9,equal_rank_hybrid,0.9004524886877828,0.39566562961543966
log_kvrh,halide,9,equal_rank_hybrid,1.0,0.4013849894855742
