task,shift_type,holdout,repeat,policy,epsilon,retained_mae,mae_ci_low,mae_ci_high,violation_ci_low,violation_ci_high,n_retained,n_groups_retained
expt_gap,cluster,C0,0,descriptor_distance,0.5,2.1907195048010526,2.08957898138579,2.270237572154979,1.58957898138579,1.7702375721549788,1118,1118
expt_gap,cluster,C0,0,quantile_width,0.5,0.5333333333333333,0.31748387096774194,0.769021505376344,-0.18251612903225806,0.26902150537634395,93,93
expt_gap,cluster,C0,0,rf_distance_hybrid,0.5,2.192969426598816,2.1043387710276376,2.2785120229999407,1.6043387710276376,1.7785120229999407,1152,1152
expt_gap,cluster,C0,0,rf_ensemble_std,0.5,2.1962368974657895,2.124491384304697,2.2747935607493717,1.6244913843046969,1.7747935607493717,1153,1153
expt_gap,cluster,C0,1,descriptor_distance,0.5,2.267149410859988,2.1979895713875757,2.359659264010638,1.6979895713875757,1.859659264010638,1128,1128
expt_gap,cluster,C0,1,quantile_width,0.5,0.8297222222222222,0.5651481481481481,1.1003703703703704,0.06514814814814807,0.6003703703703704,108,108
expt_gap,cluster,C0,1,rf_distance_hybrid,0.5,2.262602561038521,2.1805148429295325,2.342057435248791,1.6805148429295325,1.8420574352487908,1148,1148
expt_gap,cluster,C0,1,rf_ensemble_std,0.5,2.2628907662669744,2.187956497080708,2.3431034222015295,1.687956497080708,1.8431034222015295,1152,1152
expt_gap,cluster,C0,2,descriptor_distance,0.5,2.3749299136815702,2.284401299441133,2.4640023979628736,1.7844012994411331,1.9640023979628736,1142,1142
expt_gap,cluster,C0,2,quantile_width,0.5,0.7249056603773585,0.4945731132075472,1.0676981132075472,-0.00542688679245279,0.5676981132075472,106,106
expt_gap,cluster,C0,2,rf_distance_hybrid,0.5,2.3614315279948457,2.2716278212722467,2.4486176535144115,1.7716278212722467,1.9486176535144115,1114,1114
expt_gap,cluster,C0,2,rf_ensemble_std,0.5,2.371406741099082,2.284330873056696,2.4656662457318936,1.784330873056696,1.9656662457318936,1152,1152
expt_gap,cluster,C0,3,descriptor_distance,0.5,2.217801601215855,2.141027050196475,2.2994419477152173,1.6410270501964752,1.7994419477152173,1125,1125
expt_gap,cluster,C0,3,quantile_width,0.5,0.7782857142857142,0.5064428571428572,1.0793190476190475,0.006442857142857195,0.5793190476190475,105,105
expt_gap,cluster,C0,3,rf_distance_hybrid,0.5,2.2275427182042544,2.1387706626464986,2.3049878009752116,1.6387706626464986,1.8049878009752116,1152,1152
expt_gap,cluster,C0,3,rf_ensemble_std,0.5,2.230999509785392,2.1479712244947984,2.3168765076799818,1.6479712244947984,1.8168765076799818,1153,1153
expt_gap,cluster,C0,4,descriptor_distance,0.5,2.2785657190235407,2.1988780891515094,2.362636876138993,1.6988780891515094,1.862636876138993,1115,1115
expt_gap,cluster,C0,4,quantile_width,0.5,0.6891304347826087,0.4577391304347827,0.9288016304347826,-0.042260869565217296,0.4288016304347826,92,92
expt_gap,cluster,C0,4,rf_distance_hybrid,0.5,2.2100528728328466,2.115832086079126,2.3022037663573296,1.6158320860791262,1.8022037663573296,879,879
expt_gap,cluster,C0,4,rf_ensemble_std,0.5,2.2915928764851445,2.221573391854942,2.370146260759538,1.721573391854942,1.870146260759538,1153,1153
expt_gap,cluster,C0,5,descriptor_distance,0.5,2.0792981661093015,2.0008378429448497,2.149332759181561,1.5008378429448497,1.649332759181561,1135,1135
expt_gap,cluster,C0,5,quantile_width,0.5,0.8284,0.5785125,1.1336600000000001,0.07851249999999999,0.6336600000000001,100,100
expt_gap,cluster,C0,5,rf_distance_hybrid,0.5,2.075988290850647,2.0086420357246855,2.162949466971408,1.5086420357246855,1.662949466971408,1153,1153
expt_gap,cluster,C0,5,rf_ensemble_std,0.5,2.0725064662367747,2.0014555944091175,2.1432645586164463,1.5014555944091175,1.6432645586164463,1152,1152
expt_gap,cluster,C0,6,descriptor_distance,0.5,2.146214940053308,2.056905000927372,2.2167137784170476,1.556905000927372,1.7167137784170476,1145,1145
expt_gap,cluster,C0,6,quantile_width,0.5,0.8257522123893806,0.5786283185840708,1.1320530973451328,0.07862831858407082,0.6320530973451328,113,113
expt_gap,cluster,C0,6,rf_distance_hybrid,0.5,2.1485916497015163,2.0652950432053654,2.2216946209967103,1.5652950432053654,1.7216946209967103,1153,1153
expt_gap,cluster,C0,6,rf_ensemble_std,0.5,2.1485916497015163,2.0806296229029804,2.239019660693969,1.5806296229029804,1.7390196606939692,1153,1153
expt_gap,cluster,C0,7,descriptor_distance,0.5,2.302138633084156,2.2106498489818156,2.381764534215522,1.7106498489818156,1.881764534215522,1117,1117
expt_gap,cluster,C0,7,quantile_width,0.5,0.7981372549019609,0.5615539215686275,1.1264240196078432,0.06155392156862749,0.6264240196078432,102,102
expt_gap,cluster,C0,7,rf_distance_hybrid,0.5,2.3045924632340897,2.2210140757286765,2.390998968412897,1.7210140757286765,1.8909989684128972,1150,1150
expt_gap,cluster,C0,7,rf_ensemble_std,0.5,2.3057864524613527,2.2261827370437435,2.3883112037393426,1.7261827370437435,1.8883112037393426,1147,1147
expt_gap,cluster,C0,8,descriptor_distance,0.5,2.2126243899476776,2.1165409502813324,2.3028134112196157,1.6165409502813324,1.8028134112196157,1136,1136
expt_gap,cluster,C0,8,quantile_width,0.5,0.8404132231404958,0.5764111570247934,1.1230227272727271,0.0764111570247934,0.6230227272727271,121,121
expt_gap,cluster,C0,8,rf_distance_hybrid,0.5,2.2172393917232087,2.1446078619879883,2.2959968049426873,1.6446078619879883,1.7959968049426873,1153,1153
expt_gap,cluster,C0,8,rf_ensemble_std,0.5,2.218266071155284,2.124152197525745,2.2885808206297322,1.6241521975257451,1.7885808206297322,1150,1150
expt_gap,cluster,C0,9,descriptor_distance,0.5,2.220720337322016,2.1391883459876406,2.2944016620197063,1.6391883459876406,1.7944016620197063,1145,1145
expt_gap,cluster,C0,9,quantile_width,0.5,0.75,0.4820079787234042,1.0993218085106384,-0.017992021276595827,0.5993218085106384,94,94
expt_gap,cluster,C0,9,rf_distance_hybrid,0.5,2.218155569783807,2.1393164913859315,2.314245533003262,1.6393164913859315,1.814245533003262,1151,1151
expt_gap,cluster,C0,9,rf_ensemble_std,0.5,2.2212221292845005,2.1311087950883847,2.301120536385248,1.6311087950883847,1.8011205363852478,1153,1153
expt_gap,cluster,C1,0,quantile_width,0.5,1.3440282685512368,1.2722778761061946,1.4253368241658588,0.7722778761061946,0.9253368241658588,566,564
expt_gap,cluster,C1,0,rf_distance_hybrid,0.5,0.6840313093158704,0.5141977751540285,0.8669607418350005,0.014197775154028536,0.3669607418350005,36,35
expt_gap,cluster,C1,0,rf_ensemble_std,0.5,0.7682463846837477,0.7107424223638427,0.8144830517588227,0.21074242236384266,0.31448305175882274,566,564
expt_gap,cluster,C1,1,quantile_width,0.5,1.3440282685512368,1.2760727977377537,1.416222178617218,0.7760727977377537,0.916222178617218,566,564
expt_gap,cluster,C1,1,rf_distance_hybrid,0.5,0.8066543386211011,0.666138764072386,0.9684166460152696,0.16613876407238604,0.46841664601526956,80,80
expt_gap,cluster,C1,1,rf_ensemble_std,0.5,0.7676132249436597,0.7228202719119038,0.8234639455636961,0.2228202719119038,0.32346394556369606,567,565
expt_gap,cluster,C1,2,descriptor_distance,0.5,0.7361939940986139,0.6382642494201278,0.8342852507759583,0.13826424942012783,0.3342852507759583,160,158
expt_gap,cluster,C1,2,quantile_width,0.5,1.3440282685512368,1.2777388216115513,1.4197826855123676,0.7777388216115513,0.9197826855123676,566,564
expt_gap,cluster,C1,2,rf_distance_hybrid,0.5,0.7715603074857691,0.725730625657852,0.8396513549791542,0.22573062565785196,0.3396513549791542,567,565
expt_gap,cluster,C1,2,rf_ensemble_std,0.5,0.7715603074857691,0.7114401807093237,0.8189118063265481,0.2114401807093237,0.31891180632654814,567,565
expt_gap,cluster,C1,3,quantile_width,0.5,1.342322695035461,1.2765706039076377,1.4188867376527519,0.7765706039076377,0.9188867376527519,564,562
expt_gap,cluster,C1,3,rf_distance_hybrid,0.5,0.6171928085618086,0.35407619277952684,1.0313753949404763,-0.14592380722047316,0.5313753949404763,9,8
expt_gap,cluster,C1,3,rf_ensemble_std,0.5,0.778761908035186,0.7286716096234453,0.8351000618202928,0.22867160962344535,0.33510006182029284,553,551
expt_gap,cluster,C1,4,quantile_width,0.5,1.3434867256637166,1.2685301418439718,1.4134817374740318,0.7685301418439718,0.9134817374740318,565,563
expt_gap,cluster,C1,4,rf_distance_hybrid,0.5,0.8347156176233758,0.7639229779797132,0.9013497545300677,0.2639229779797132,0.4013497545300677,353,352
expt_gap,cluster,C1,4,rf_ensemble_std,0.5,0.7633978180881277,0.7174165608595303,0.8088037247623343,0.21741656085953032,0.3088037247623343,567,565
expt_gap,cluster,C1,5,quantile_width,0.5,1.3440282685512368,1.275693182244598,1.414855282592032,0.775693182244598,0.914855282592032,566,564
expt_gap,cluster,C1,5,rf_distance_hybrid,0.5,0.8856641809826413,0.8016202531291017,0.9712159328893466,0.3016202531291017,0.4712159328893466,319,317
expt_gap,cluster,C1,5,rf_ensemble_std,0.5,0.7624491203971473,0.7161762079391821,0.8130137548709399,0.21617620793918213,0.31301375487093985,567,565
expt_gap,cluster,C1,6,quantile_width,0.5,1.3440282685512368,1.2602915601181564,1.4132431286974927,0.7602915601181564,0.9132431286974927,566,564
expt_gap,cluster,C1,6,rf_distance_hybrid,0.5,0.912484924876509,0.8272450721313201,0.9955576101043646,0.32724507213132015,0.4955576101043646,317,315
expt_gap,cluster,C1,6,rf_ensemble_std,0.5,0.8084472735941604,0.7513105816689294,0.863487948568125,0.2513105816689294,0.36348794856812505,567,565
expt_gap,cluster,C1,7,quantile_width,0.5,1.3440282685512368,1.2783714431020756,1.4181266117209232,0.7783714431020756,0.9181266117209232,566,564
expt_gap,cluster,C1,7,rf_distance_hybrid,0.5,1.0440076940616814,0.9400120458659483,1.1486750250445952,0.44001204586594833,0.6486750250445952,237,235
expt_gap,cluster,C1,7,rf_ensemble_std,0.5,0.8086731027547347,0.7574568801865479,0.8679914277779741,0.2574568801865479,0.3679914277779741,559,557
expt_gap,cluster,C1,8,quantile_width,0.5,1.3440282685512368,1.2842118596570762,1.4146628318584071,0.7842118596570762,0.9146628318584071,566,564
expt_gap,cluster,C1,8,rf_distance_hybrid,0.5,0.8612633251355946,0.7900784453058454,0.9348466213145075,0.29007844530584537,0.43484662131450746,336,334
expt_gap,cluster,C1,8,rf_ensemble_std,0.5,0.7834584339018359,0.735467486174813,0.8384288707494332,0.23546748617481295,0.3384288707494332,566,564
expt_gap,cluster,C1,9,quantile_width,0.5,1.3434867256637166,1.27283407079646,1.415414522024455,0.77283407079646,0.915414522024455,565,563
expt_gap,cluster,C1,9,rf_distance_hybrid,0.5,0.4216686412019353,0.2346701955373058,0.674246927369679,-0.26532980446269416,0.17424692736967895,17,16
expt_gap,cluster,C1,9,rf_ensemble_std,0.5,0.8397172421033636,0.773487124205305,0.9144886452724669,0.27348712420530497,0.41448864527246687,411,409
expt_gap,cluster,C2,0,quantile_width,0.5,1.8139352640545143,1.7437653082953792,1.895383021495311,1.2437653082953792,1.395383021495311,587,586
expt_gap,cluster,C2,0,rf_distance_hybrid,0.5,1.237272051366043,1.1418967307395806,1.3424633844223426,0.6418967307395806,0.8424633844223426,276,275
expt_gap,cluster,C2,0,rf_ensemble_std,0.5,1.1917150619610177,1.1307041020784327,1.2478112262075949,0.6307041020784327,0.7478112262075949,594,593
expt_gap,cluster,C2,1,descriptor_distance,0.5,1.210188983979378,1.1367344078351487,1.2687858484280405,0.6367344078351487,0.7687858484280405,569,568
expt_gap,cluster,C2,1,quantile_width,0.5,1.815731092436975,1.7407668152109328,1.904478793537617,1.2407668152109328,1.404478793537617,595,594
expt_gap,cluster,C2,1,rf_distance_hybrid,0.5,1.2153861503230834,1.155335948779758,1.276654974676909,0.6553359487797581,0.7766549746769089,596,595
expt_gap,cluster,C2,1,rf_ensemble_std,0.5,1.2153861503230834,1.1597423843855532,1.267607661746934,0.6597423843855532,0.7676076617469341,596,595
expt_gap,cluster,C2,2,quantile_width,0.5,1.8037372013651878,1.7172432973075464,1.8801277777777778,1.2172432973075464,1.3801277777777778,586,585
expt_gap,cluster,C2,2,rf_distance_hybrid,0.5,1.2913883851372736,1.183136457540219,1.4148255354884156,0.683136457540219,0.9148255354884156,249,248
expt_gap,cluster,C2,2,rf_ensemble_std,0.5,1.1574447653997182,1.1018661708364783,1.2130356537138203,0.6018661708364783,0.7130356537138203,590,589
expt_gap,cluster,C2,3,quantile_width,0.5,1.8114864864864864,1.7235447420771026,1.895956800629945,1.2235447420771026,1.395956800629945,592,591
expt_gap,cluster,C2,3,rf_distance_hybrid,0.5,1.2227679388811332,1.1359086647905445,1.30763889057425,0.6359086647905445,0.80763889057425,319,318
expt_gap,cluster,C2,3,rf_ensemble_std,0.5,1.11151770853832,1.051182137435519,1.1610499029631536,0.551182137435519,0.6610499029631536,592,591
expt_gap,cluster,C2,4,quantile_width,0.5,1.8156060606060607,1.722530235831706,1.8869387040727683,1.222530235831706,1.3869387040727683,594,593
expt_gap,cluster,C2,4,rf_distance_hybrid,0.5,1.3845289887001593,1.2821382926349079,1.4926994041866704,0.7821382926349079,0.9926994041866704,235,235
expt_gap,cluster,C2,4,rf_ensemble_std,0.5,1.263692448135438,1.202967715332502,1.3353037132610532,0.702967715332502,0.8353037132610532,591,590
expt_gap,cluster,C2,5,quantile_width,0.5,1.8076142131979696,1.740653514583154,1.8729048108635178,1.240653514583154,1.3729048108635178,591,590
expt_gap,cluster,C2,5,rf_distance_hybrid,0.5,1.326386983388986,1.266787489462708,1.4007465616216375,0.766787489462708,0.9007465616216375,564,563
expt_gap,cluster,C2,5,rf_ensemble_std,0.5,1.3149949236330758,1.2453283464365397,1.3755957253866862,0.7453283464365397,0.8755957253866862,595,594
expt_gap,cluster,C2,6,descriptor_distance,0.5,1.3546092026663252,1.29057443130262,1.4286558285759947,0.79057443130262,0.9286558285759947,587,586
expt_gap,cluster,C2,6,quantile_width,0.5,1.809441624365482,1.72991242156804,1.8855076271186444,1.22991242156804,1.3855076271186444,591,590
expt_gap,cluster,C2,6,rf_distance_hybrid,0.5,1.3810509916093507,1.331755191602118,1.440422598943833,0.831755191602118,0.9404225989438331,546,545
expt_gap,cluster,C2,6,rf_ensemble_std,0.5,1.351580555497054,1.2964611372619284,1.409124647248714,0.7964611372619284,0.909124647248714,596,595
expt_gap,cluster,C2,7,quantile_width,0.5,1.8128426395939083,1.7297356733852498,1.884745338983051,1.2297356733852498,1.384745338983051,591,590
expt_gap,cluster,C2,7,rf_distance_hybrid,0.5,1.4288416145770397,1.3233481454045954,1.5256390716798172,0.8233481454045954,1.0256390716798172,167,167
expt_gap,cluster,C2,7,rf_ensemble_std,0.5,1.3535111405792195,1.2918105756638516,1.4337286617031824,0.7918105756638516,0.9337286617031824,596,595
expt_gap,cluster,C2,8,quantile_width,0.5,1.8081324278438031,1.731427843803056,1.8851477079796264,1.231427843803056,1.3851477079796264,589,588
expt_gap,cluster,C2,8,rf_distance_hybrid,0.5,1.3184263397511273,1.2306593567262538,1.4017245518089316,0.7306593567262538,0.9017245518089316,408,407
expt_gap,cluster,C2,8,rf_ensemble_std,0.5,1.3232797042664537,1.2597851849374808,1.3800566991308383,0.7597851849374808,0.8800566991308383,594,593
expt_gap,cluster,C2,9,quantile_width,0.5,1.8120910623946036,1.7272199141499311,1.8871450074916822,1.2272199141499311,1.3871450074916822,593,592
expt_gap,cluster,C2,9,rf_distance_hybrid,0.5,1.3605286189697234,1.2717961514599097,1.4292384797000957,0.7717961514599097,0.9292384797000957,476,475
expt_gap,cluster,C2,9,rf_ensemble_std,0.5,1.3304776799972613,1.2665979645145802,1.4003543111629868,0.7665979645145802,0.9003543111629868,596,595
expt_gap,cluster,C3,0,rf_distance_hybrid,0.5,0.44413176390061554,0.279040284822717,0.6474422211383244,-0.22095971517728302,0.1474422211383244,7,7
expt_gap,cluster,C3,0,rf_ensemble_std,0.5,0.5982513191314893,0.5673622076592502,0.6307692105426705,0.06736220765925016,0.13076921054267054,711,711
expt_gap,cluster,C3,1,quantile_width,0.5,0.3483450779704574,0.3237299744155686,0.3762652486892324,-0.1762700255844314,-0.12373475131076761,811,811
expt_gap,cluster,C3,1,rf_distance_hybrid,0.5,0.3399793555145354,0.17955078521129483,0.5122367122953315,-0.32044921478870514,0.01223671229533152,17,17
expt_gap,cluster,C3,1,rf_ensemble_std,0.5,0.511346035200051,0.4677407302493852,0.5625816953471057,-0.03225926975061483,0.06258169534710567,531,531
expt_gap,cluster,C3,2,quantile_width,0.5,0.3283718533213277,0.3015815750614418,0.3553240845030049,-0.1984184249385582,-0.1446759154969951,907,907
expt_gap,cluster,C3,2,rf_distance_hybrid,0.5,0.5422571046694047,0.3325319671293213,0.8048067584993095,-0.16746803287067868,0.3048067584993095,18,18
expt_gap,cluster,C3,2,rf_ensemble_std,0.5,0.8186079087165823,0.7788869261880281,0.8541923617434214,0.27888692618802813,0.3541923617434214,1004,1004
expt_gap,cluster,C3,3,quantile_width,0.5,0.28759035092849766,0.257823208257443,0.3214284919108498,-0.24217679174255702,-0.17857150808915018,710,710
expt_gap,cluster,C3,3,rf_distance_hybrid,0.5,0.2826435964727453,0.1774881033564986,0.45318259831673957,-0.32251189664350144,-0.04681740168326043,83,83
expt_gap,cluster,C3,3,rf_ensemble_std,0.5,0.6101863865133828,0.5840117802670545,0.6416199403964208,0.08401178026705447,0.14161994039642078,761,761
expt_gap,cluster,C3,4,quantile_width,0.5,0.3616903833899283,0.3335276327952724,0.3889616638551199,-0.16647236720472758,-0.11103833614488012,1060,1060
expt_gap,cluster,C3,4,rf_distance_hybrid,0.5,0.2748652299970093,0.20285364065769385,0.34224548805521554,-0.29714635934230615,-0.15775451194478446,81,81
expt_gap,cluster,C3,4,rf_ensemble_std,0.5,0.8529014715808537,0.8197684846894862,0.8865053489512376,0.31976848468948615,0.38650534895123756,1084,1084
expt_gap,cluster,C3,5,rf_distance_hybrid,0.5,0.2996924472810816,0.18191753897461457,0.4397907718047012,-0.3180824610253854,-0.06020922819529878,20,20
expt_gap,cluster,C3,5,rf_ensemble_std,0.5,0.8413326468211433,0.8097419638477135,0.872950060000404,0.30974196384771346,0.372950060000404,1148,1148
expt_gap,cluster,C3,6,quantile_width,0.5,0.5342230566839111,0.49738512573675464,0.5728615467896233,-0.002614874263245359,0.07286154678962331,1160,1160
expt_gap,cluster,C3,6,rf_distance_hybrid,0.5,0.3621947503134121,0.2880511950327552,0.4217512747608805,-0.21194880496724477,-0.07824872523911952,136,136
expt_gap,cluster,C3,6,rf_ensemble_std,0.5,0.8377742738977628,0.8097155245270716,0.8672515213229777,0.30971552452707163,0.36725152132297767,1247,1247
expt_gap,cluster,C3,7,quantile_width,0.5,0.4543924613852823,0.39603835403471693,0.5249314347867093,-0.10396164596528307,0.02493143478670934,204,204
expt_gap,cluster,C3,7,rf_distance_hybrid,0.5,0.6403633544114954,0.5256423709503459,0.8145186572462795,0.02564237095034594,0.3145186572462795,117,117
expt_gap,cluster,C3,7,rf_ensemble_std,0.5,0.8636366272771528,0.8175137080568305,0.9079893334610143,0.31751370805683055,0.4079893334610143,1041,1041
expt_gap,cluster,C3,8,quantile_width,0.5,0.3067628221273841,0.2782515310227085,0.33911860617026834,-0.2217484689772915,-0.16088139382973166,450,450
expt_gap,cluster,C3,8,rf_distance_hybrid,0.5,0.3264284084014699,0.27274361632609845,0.38736038792390526,-0.22725638367390155,-0.11263961207609474,125,125
expt_gap,cluster,C3,8,rf_ensemble_std,0.5,0.8201183374211197,0.7967280596515782,0.84898481440932,0.2967280596515782,0.34898481440932005,1411,1411
expt_gap,cluster,C3,9,quantile_width,0.5,0.23348210984151907,0.20625679573640837,0.2680136644491367,-0.29374320426359163,-0.2319863355508633,480,480
expt_gap,cluster,C3,9,rf_distance_hybrid,0.5,0.43744419700180903,0.31633864934232436,0.5693673162395159,-0.18366135065767564,0.06936731623951586,26,26
expt_gap,cluster,C3,9,rf_ensemble_std,0.5,0.7381304007673551,0.7045321601324751,0.7814502580819452,0.2045321601324751,0.28145025808194524,900,900
expt_gap,element,Cu,0,quantile_width,0.5,0.578201754385965,0.47582743362831864,0.666108175863668,-0.02417256637168136,0.166108175863668,228,226
expt_gap,element,Cu,0,rf_distance_hybrid,0.5,0.7435490528242752,0.6465086659307067,0.8272779143975358,0.14650866593070666,0.32727791439753584,387,385
expt_gap,element,Cu,0,rf_ensemble_std,0.5,0.7054694775736274,0.6170900435498266,0.7981400101742852,0.11709004354982655,0.29814001017428515,381,379
expt_gap,element,Cu,1,descriptor_distance,0.5,0.7005984273743685,0.5239368851552191,0.888790242591084,0.02393688515521908,0.38879024259108397,66,66
expt_gap,element,Cu,1,quantile_width,0.5,0.5976470588235294,0.5058424657534246,0.6855355060943297,0.005842465753424619,0.18553550609432967,221,219
expt_gap,element,Cu,1,rf_distance_hybrid,0.5,0.7045733997671775,0.6133171792282157,0.7754849284969728,0.11331717922821571,0.2754849284969728,383,381
expt_gap,element,Cu,1,rf_ensemble_std,0.5,0.6909108026079421,0.6106837799977062,0.7602713224611573,0.11068377999770618,0.26027132246115725,382,380
expt_gap,element,Cu,2,descriptor_distance,0.5,0.7025072682833758,0.4976776546484435,0.9588730533189161,-0.0023223453515565096,0.45887305331891615,52,52
expt_gap,element,Cu,2,quantile_width,0.5,0.5368103448275863,0.4407421654432524,0.6133030303030305,-0.0592578345567476,0.11330303030303046,232,230
expt_gap,element,Cu,2,rf_distance_hybrid,0.5,0.6809621534652366,0.5984953852282953,0.7544374917605031,0.09849538522829526,0.2544374917605031,382,380
expt_gap,element,Cu,2,rf_ensemble_std,0.5,0.6382528854700369,0.5670252758865137,0.7181623712337764,0.06702527588651375,0.21816237123377635,376,374
expt_gap,element,Cu,3,descriptor_distance,0.5,0.6659300609592507,0.49419799147832294,0.8874458125848159,-0.00580200852167706,0.3874458125848159,76,76
expt_gap,element,Cu,3,quantile_width,0.5,0.5516888888888889,0.4577494744955158,0.6543377642536835,-0.042250525504484215,0.1543377642536835,225,223
expt_gap,element,Cu,3,rf_distance_hybrid,0.5,0.7128646358784411,0.6343026169448658,0.7947285824061068,0.13430261694486578,0.2947285824061068,385,383
expt_gap,element,Cu,3,rf_ensemble_std,0.5,0.661684124530093,0.5854155944122713,0.7372392503736276,0.08541559441227131,0.23723925037362759,375,373
expt_gap,element,Cu,4,descriptor_distance,0.5,0.6349065278045368,0.47458256084518163,0.8327693626650385,-0.025417439154818366,0.33276936266503854,56,56
expt_gap,element,Cu,4,quantile_width,0.5,0.6087665198237885,0.5015756545409077,0.7117658360503026,0.0015756545409076894,0.21176583605030264,227,225
expt_gap,element,Cu,4,rf_distance_hybrid,0.5,0.6869982559744656,0.6046249676211682,0.7666475185231254,0.10462496762116824,0.2666475185231254,386,384
expt_gap,element,Cu,4,rf_ensemble_std,0.5,0.662580983372766,0.5793623695601621,0.7381725890146303,0.07936236956016207,0.23817258901463034,379,377
expt_gap,element,Cu,5,quantile_width,0.5,0.6142801556420233,0.5143563771802326,0.7172560326365638,0.014356377180232638,0.2172560326365638,257,255
expt_gap,element,Cu,5,rf_distance_hybrid,0.5,0.7004357017354456,0.6234259580486343,0.7797094569242474,0.12342595804863432,0.2797094569242474,385,383
expt_gap,element,Cu,5,rf_ensemble_std,0.5,0.6850158240488131,0.6127233266234914,0.7703449818104938,0.11272332662349138,0.2703449818104938,379,377
expt_gap,element,Cu,6,quantile_width,0.5,0.5228310502283106,0.4440845520177712,0.6257378684101287,-0.055915447982228805,0.12573786841012868,219,217
expt_gap,element,Cu,6,rf_distance_hybrid,0.5,0.7060755435101654,0.6147357296027958,0.8059022830635969,0.11473572960279577,0.3059022830635969,389,387
expt_gap,element,Cu,6,rf_ensemble_std,0.5,0.6592656545726029,0.5829985311396683,0.7438401484702344,0.08299853113966826,0.24384014847023439,382,380
expt_gap,element,Cu,7,descriptor_distance,0.5,0.7282466372467457,0.5160756991214247,0.9252991426080323,0.016075699121424702,0.42529914260803225,59,59
expt_gap,element,Cu,7,quantile_width,0.5,0.4889252336448598,0.3953831775700935,0.5892076971172833,-0.1046168224299065,0.08920769711728327,214,212
expt_gap,element,Cu,7,rf_distance_hybrid,0.5,0.6843174828833707,0.5969994350167511,0.7666846137905238,0.09699943501675112,0.2666846137905238,376,374
expt_gap,element,Cu,7,rf_ensemble_std,0.5,0.6534858873253591,0.5749294279268564,0.7235132879144918,0.07492942792685642,0.22351328791449177,366,364
expt_gap,element,Cu,8,quantile_width,0.5,0.5862800000000001,0.4853624657994528,0.6715763210321603,-0.014637534200547198,0.17157632103216025,250,248
expt_gap,element,Cu,8,rf_distance_hybrid,0.5,0.7429186194191226,0.653397624911682,0.8501410413279074,0.15339762491168196,0.35014104132790735,386,384
expt_gap,element,Cu,8,rf_ensemble_std,0.5,0.7069676413141459,0.6162935759620554,0.7901773537321882,0.11629357596205536,0.2901773537321882,376,374
expt_gap,element,Cu,9,descriptor_distance,0.5,0.7150162994030277,0.6428513244779157,0.7997100540462981,0.1428513244779157,0.29971005404629814,390,388
expt_gap,element,Cu,9,quantile_width,0.5,0.3917676767676767,0.30585525303799416,0.4723940418781726,-0.19414474696200584,-0.027605958121827423,198,196
expt_gap,element,Cu,9,rf_distance_hybrid,0.5,0.7150162994030277,0.6227579322256198,0.7994811076641055,0.12275793222561981,0.2994811076641055,390,388
expt_gap,element,Cu,9,rf_ensemble_std,0.5,0.6782284004629726,0.6042927229563234,0.7490647152454885,0.10429272295632341,0.24906471524548845,379,377
expt_gap,element,Ga,0,quantile_width,0.5,1.166609589041096,1.0683433219178082,1.2679118150684932,0.5683433219178082,0.7679118150684932,292,292
expt_gap,element,Ga,0,rf_distance_hybrid,0.5,0.6465029166155042,0.5860824020201497,0.7147276156743093,0.08608240202014972,0.2147276156743093,370,370
expt_gap,element,Ga,0,rf_ensemble_std,0.5,0.637408732626891,0.5677500914888898,0.7121837387312622,0.06775009148888977,0.21218373873126217,368,368
expt_gap,element,Ga,1,quantile_width,0.5,1.288307210031348,1.2007468652037618,1.4022021943573668,0.7007468652037618,0.9022021943573668,319,319
expt_gap,element,Ga,1,rf_distance_hybrid,0.5,0.6093555190236768,0.5421601180131005,0.6853257180774349,0.04216011801310049,0.18532571807743492,363,363
expt_gap,element,Ga,1,rf_ensemble_std,0.5,0.606410891839975,0.5426878015149407,0.6714487427227274,0.04268780151494067,0.17144874272272737,370,370
expt_gap,element,Ga,2,quantile_width,0.5,1.253322884012539,1.1609741379310345,1.372639498432602,0.6609741379310345,0.872639498432602,319,319
expt_gap,element,Ga,2,rf_distance_hybrid,0.5,0.6051020044281955,0.5380443744965183,0.6820727691286639,0.03804437449651832,0.18207276912866388,368,368
expt_gap,element,Ga,2,rf_ensemble_std,0.5,0.5854810134250376,0.525338826929804,0.6370039581319823,0.025338826929804048,0.1370039581319823,365,365
expt_gap,element,Ga,3,descriptor_distance,0.5,0.5165604243959823,0.37244945116199746,0.6991000030561293,-0.12755054883800254,0.1991000030561293,56,56
expt_gap,element,Ga,3,quantile_width,0.5,1.1975657894736842,1.106986019736842,1.3050328947368421,0.606986019736842,0.8050328947368421,304,304
expt_gap,element,Ga,3,rf_distance_hybrid,0.5,0.6334315188997833,0.5635362362274429,0.7156966153604495,0.06353623622744287,0.21569661536044948,353,353
expt_gap,element,Ga,3,rf_ensemble_std,0.5,0.6145939102415231,0.5493724087324657,0.6743847657356707,0.049372408732465733,0.17438476573567074,353,353
expt_gap,element,Ga,4,quantile_width,0.5,1.3169604863221884,1.2043237082066869,1.430751519756839,0.7043237082066869,0.930751519756839,329,329
expt_gap,element,Ga,4,rf_distance_hybrid,0.5,0.6337244337600119,0.5651004646569856,0.7128057532828593,0.0651004646569856,0.21280575328285933,368,368
expt_gap,element,Ga,4,rf_ensemble_std,0.5,0.6241053920681163,0.5630555136642732,0.6947956717249095,0.0630555136642732,0.19479567172490952,369,369
expt_gap,element,Ga,5,quantile_width,0.5,1.2627129337539431,1.1630741324921137,1.3698335962145112,0.6630741324921137,0.8698335962145112,317,317
expt_gap,element,Ga,5,rf_distance_hybrid,0.5,0.6135437001059152,0.5440772118898032,0.6837760643246358,0.04407721188980318,0.18377606432463578,357,357
expt_gap,element,Ga,5,rf_ensemble_std,0.5,0.6144542838228609,0.5489738844096548,0.6838434140224859,0.04897388440965478,0.18384341402248594,365,365
expt_gap,element,Ga,6,quantile_width,0.5,1.0286973180076628,0.9142624521072797,1.1215737547892723,0.41426245210727974,0.6215737547892723,261,261
expt_gap,element,Ga,6,rf_distance_hybrid,0.5,0.6489854359230117,0.5765056014781362,0.7380519977821143,0.07650560147813623,0.23805199778211428,362,362
expt_gap,element,Ga,6,rf_ensemble_std,0.5,0.615442170615575,0.5487474985222174,0.6850574065525521,0.04874749852221738,0.1850574065525521,362,362
expt_gap,element,Ga,7,quantile_width,0.5,1.2970987654320987,1.1902345679012345,1.3909236111111112,0.6902345679012345,0.8909236111111112,324,324
expt_gap,element,Ga,7,rf_distance_hybrid,0.5,0.6165641834863261,0.5403302544972505,0.6849327491773922,0.04033025449725047,0.18493274917739222,369,369
expt_gap,element,Ga,7,rf_ensemble_std,0.5,0.6089465654199204,0.5567376178740691,0.6721341101942669,0.05673761787406906,0.17213411019426694,368,368
expt_gap,element,Ga,8,quantile_width,0.5,1.1919397993311038,1.0631521739130436,1.292030100334448,0.5631521739130436,0.7920301003344481,299,299
expt_gap,element,Ga,8,rf_distance_hybrid,0.5,0.6027584378525107,0.5427256542993417,0.6748761809932806,0.04272565429934172,0.17487618099328062,369,369
expt_gap,element,Ga,8,rf_ensemble_std,0.5,0.5974364237079681,0.5218933937403973,0.6709408060976882,0.021893393740397338,0.17094080609768825,369,369
expt_gap,element,Ga,9,quantile_width,0.5,1.1807849829351538,1.0613395904436862,1.3005392491467578,0.5613395904436862,0.8005392491467578,293,293
expt_gap,element,Ga,9,rf_distance_hybrid,0.5,0.6312329987589309,0.5608795603229362,0.6979679465881998,0.06087956032293618,0.19796794658819983,351,351
expt_gap,element,Ga,9,rf_ensemble_std,0.5,0.629592569887472,0.5719128903285926,0.6918753547263378,0.0719128903285926,0.19187535472633777,366,366
expt_gap,element,O,0,descriptor_distance,0.5,1.493458523777982,1.3982416579343955,1.617699155012184,0.8982416579343955,1.117699155012184,1090,1090
expt_gap,element,O,0,quantile_width,0.5,1.54351606805293,1.4322743383742909,1.6579969281663514,0.9322743383742909,1.1579969281663514,1058,1058
expt_gap,element,O,0,rf_distance_hybrid,0.5,1.493458523777982,1.3963358618823243,1.5940895539333721,0.8963358618823243,1.0940895539333721,1090,1090
expt_gap,element,O,0,rf_ensemble_std,0.5,1.493458523777982,1.4006042594759536,1.5909202385982222,0.9006042594759536,1.0909202385982222,1090,1090
expt_gap,element,O,1,descriptor_distance,0.5,1.4817489979080554,1.3867355409079785,1.5802814735302835,0.8867355409079785,1.0802814735302835,1090,1090
expt_gap,element,O,1,quantile_width,0.5,1.5304952380952384,1.430375476190476,1.6495945238095238,0.9303754761904759,1.1495945238095238,1050,1050
expt_gap,element,O,1,rf_distance_hybrid,0.5,1.4817489979080554,1.385378926127098,1.5748186874390442,0.8853789261270979,1.0748186874390442,1090,1090
expt_gap,element,O,1,rf_ensemble_std,0.5,1.4817489979080554,1.3832470912819992,1.5706600615412007,0.8832470912819992,1.0706600615412007,1090,1090
expt_gap,element,O,2,descriptor_distance,0.5,1.4895349514426042,1.394604073105626,1.5895278934407866,0.894604073105626,1.0895278934407866,1090,1090
expt_gap,element,O,2,quantile_width,0.5,1.543210922787194,1.4276530131826743,1.6557208097928435,0.9276530131826743,1.1557208097928435,1062,1062
expt_gap,element,O,2,rf_distance_hybrid,0.5,1.4895349514426042,1.4021124585256504,1.609407917907265,0.9021124585256504,1.109407917907265,1090,1090
expt_gap,element,O,2,rf_ensemble_std,0.5,1.4895349514426042,1.3973117379760527,1.5836496953186718,0.8973117379760527,1.0836496953186718,1090,1090
expt_gap,element,O,3,descriptor_distance,0.5,1.4914264608148566,1.3676099207541648,1.5818515181058257,0.8676099207541648,1.0818515181058257,1090,1090
expt_gap,element,O,3,quantile_width,0.5,1.553821062441752,1.4566957129543339,1.6698075489282387,0.9566957129543339,1.1698075489282387,1073,1073
expt_gap,element,O,3,rf_distance_hybrid,0.5,1.4914264608148566,1.3776022215067956,1.5892879073902022,0.8776022215067956,1.0892879073902022,1090,1090
expt_gap,element,O,3,rf_ensemble_std,0.5,1.4914264608148566,1.3851607527371717,1.5944465326216495,0.8851607527371717,1.0944465326216495,1090,1090
expt_gap,element,O,4,descriptor_distance,0.5,1.4980132417641203,1.4003438307788987,1.608475094687385,0.9003438307788987,1.108475094687385,1090,1090
expt_gap,element,O,4,quantile_width,0.5,1.55338904363974,1.44105617455896,1.658295728876509,0.9410561745589601,1.158295728876509,1077,1077
expt_gap,element,O,4,rf_distance_hybrid,0.5,1.4980132417641203,1.393643856807724,1.5902696182520673,0.8936438568077241,1.0902696182520673,1090,1090
expt_gap,element,O,4,rf_ensemble_std,0.5,1.4980132417641203,1.4064833431593518,1.6045850346580723,0.9064833431593518,1.1045850346580723,1090,1090
expt_gap,element,O,5,descriptor_distance,0.5,1.4658277111328228,1.3780753352644661,1.5666900295378665,0.8780753352644661,1.0666900295378665,1090,1090
expt_gap,element,O,5,quantile_width,0.5,1.5257925072046108,1.4335192122958693,1.6483439000960614,0.9335192122958693,1.1483439000960614,1041,1041
expt_gap,element,O,5,rf_distance_hybrid,0.5,1.4658277111328228,1.3698072574388067,1.5667283338512783,0.8698072574388067,1.0667283338512783,1090,1090
expt_gap,element,O,5,rf_ensemble_std,0.5,1.4658277111328228,1.352762014334029,1.5843185991334627,0.8527620143340291,1.0843185991334627,1090,1090
expt_gap,element,O,6,descriptor_distance,0.5,1.4877635494696078,1.398428531387657,1.5746416325127548,0.898428531387657,1.0746416325127548,1090,1090
expt_gap,element,O,6,quantile_width,0.5,1.5264423076923077,1.4067913461538464,1.6201685096153846,0.9067913461538464,1.1201685096153846,1040,1040
expt_gap,element,O,6,rf_distance_hybrid,0.5,1.4877635494696078,1.3874677731701337,1.5814982166897757,0.8874677731701337,1.0814982166897757,1090,1090
expt_gap,element,O,6,rf_ensemble_std,0.5,1.4877635494696078,1.3920795836715576,1.5922680918933116,0.8920795836715576,1.0922680918933116,1090,1090
expt_gap,element,O,7,descriptor_distance,0.5,1.4873302504196169,1.3982146921885008,1.5767569667027153,0.8982146921885008,1.0767569667027153,1090,1090
expt_gap,element,O,7,quantile_width,0.5,1.5344550669216062,1.4067877629063097,1.6397848948374762,0.9067877629063097,1.1397848948374762,1046,1046
expt_gap,element,O,7,rf_distance_hybrid,0.5,1.4873302504196169,1.395709007990858,1.5964681049001417,0.8957090079908581,1.0964681049001417,1090,1090
expt_gap,element,O,7,rf_ensemble_std,0.5,1.4873302504196169,1.3915234120438866,1.59454958153867,0.8915234120438866,1.09454958153867,1090,1090
expt_gap,element,O,8,descriptor_distance,0.5,1.4872377632741223,1.3801908747596048,1.5814181502471443,0.8801908747596048,1.0814181502471443,1090,1090
expt_gap,element,O,8,quantile_width,0.5,1.5317129186602871,1.4093287081339714,1.6415086124401916,0.9093287081339714,1.1415086124401916,1045,1045
expt_gap,element,O,8,rf_distance_hybrid,0.5,1.4872377632741223,1.3779115380951314,1.5901424747791888,0.8779115380951314,1.0901424747791888,1090,1090
expt_gap,element,O,8,rf_ensemble_std,0.5,1.4872377632741223,1.4001849619129976,1.5970887714848885,0.9001849619129976,1.0970887714848885,1090,1090
expt_gap,element,O,9,descriptor_distance,0.5,1.4875821120071508,1.3950297219371737,1.5870258769992922,0.8950297219371737,1.0870258769992922,1090,1090
expt_gap,element,O,9,quantile_width,0.5,1.5563712686567164,1.4437933768656717,1.6656007462686568,0.9437933768656717,1.1656007462686568,1072,1072
expt_gap,element,O,9,rf_distance_hybrid,0.5,1.4875821120071508,1.3907806572433625,1.5885460767563073,0.8907806572433625,1.0885460767563073,1090,1090
expt_gap,element,O,9,rf_ensemble_std,0.5,1.4875821120071508,1.3871676341995067,1.573093807294429,0.8871676341995067,1.073093807294429,1090,1090
expt_gap,element,S,0,descriptor_distance,0.5,1.3529690059602828,1.2744002525340792,1.4203312222537992,0.7744002525340792,0.9203312222537992,652,651
expt_gap,element,S,0,quantile_width,0.5,1.7399687987519503,1.656301851744355,1.8176253107936817,1.156301851744355,1.3176253107936817,641,640
expt_gap,element,S,0,rf_distance_hybrid,0.5,1.3516168390622714,1.2858633908798984,1.4137702310490134,0.7858633908798984,0.9137702310490134,651,650
expt_gap,element,S,0,rf_ensemble_std,0.5,1.3540310898231167,1.2819888938046387,1.4250222599328075,0.7819888938046387,0.9250222599328075,651,650
expt_gap,element,S,1,quantile_width,0.5,1.748116169544741,1.6786589245578756,1.8295310435857945,1.1786589245578756,1.3295310435857945,637,636
expt_gap,element,S,1,rf_distance_hybrid,0.5,1.4006196644051998,1.3377499498592,1.462178762075763,0.8377499498592,0.9621787620757629,651,650
expt_gap,element,S,1,rf_ensemble_std,0.5,1.4015966562530542,1.3355688416615137,1.4793055559500565,0.8355688416615137,0.9793055559500565,652,651
expt_gap,element,S,2,descriptor_distance,0.5,0.6470366303030303,0.4564564472607852,0.8728197305456641,-0.043543552739214786,0.3728197305456641,30,29
expt_gap,element,S,2,quantile_width,0.5,1.7440253565768622,1.6594571762974182,1.8298633853224835,1.1594571762974182,1.3298633853224835,631,630
expt_gap,element,S,2,rf_distance_hybrid,0.5,1.3396428410958103,1.2825007698934627,1.4075397758746373,0.7825007698934627,0.9075397758746373,652,651
expt_gap,element,S,2,rf_ensemble_std,0.5,1.346599208749822,1.2688252276290426,1.4260160655349792,0.7688252276290426,0.9260160655349792,647,646
expt_gap,element,S,3,descriptor_distance,0.5,0.7140979501609501,0.5353411584790482,0.911149812970225,0.035341158479048174,0.411149812970225,39,39
expt_gap,element,S,3,quantile_width,0.5,1.7451822503961967,1.6628568969637512,1.8240759543901948,1.1628568969637512,1.3240759543901948,631,630
expt_gap,element,S,3,rf_distance_hybrid,0.5,1.3405097472204124,1.2759601172201938,1.413454830926678,0.7759601172201938,0.9134548309266779,644,643
expt_gap,element,S,3,rf_ensemble_std,0.5,1.3364756378874023,1.2820983693924493,1.4165339516500937,0.7820983693924493,0.9165339516500937,652,651
expt_gap,element,S,4,descriptor_distance,0.5,0.6109790802248043,0.43011927743386236,0.8339129136770743,-0.06988072256613764,0.3339129136770743,25,24
expt_gap,element,S,4,quantile_width,0.5,1.745513428120063,1.6770867197342374,1.8269809679010867,1.1770867197342374,1.3269809679010867,633,632
expt_gap,element,S,4,rf_distance_hybrid,0.5,1.3485243667787903,1.279132918013213,1.4226404805558732,0.7791329180132129,0.9226404805558732,633,632
expt_gap,element,S,4,rf_ensemble_std,0.5,1.343460388671719,1.27394083234779,1.4124418690816178,0.7739408323477901,0.9124418690816178,639,638
expt_gap,element,S,5,descriptor_distance,0.5,0.8210034825528368,0.6536926910633879,0.9769281336622998,0.1536926910633879,0.4769281336622998,41,40
expt_gap,element,S,5,quantile_width,0.5,1.7456825396825393,1.6564819091254954,1.8190682665859135,1.1564819091254954,1.3190682665859135,630,629
expt_gap,element,S,5,rf_distance_hybrid,0.5,1.308667051028968,1.2348195844297756,1.3754232659390204,0.7348195844297756,0.8754232659390204,645,644
expt_gap,element,S,5,rf_ensemble_std,0.5,1.3023489267969437,1.2439716161350372,1.3741924300403143,0.7439716161350372,0.8741924300403143,650,649
expt_gap,element,S,6,descriptor_distance,0.5,0.68458153508066,0.47547985474296234,0.9098841808685544,-0.024520145257037662,0.4098841808685544,24,23
expt_gap,element,S,6,quantile_width,0.5,1.7456487341772151,1.6751807827800334,1.8366287638668781,1.1751807827800334,1.3366287638668781,632,631
expt_gap,element,S,6,rf_distance_hybrid,0.5,1.3777596799223286,1.3111907734826125,1.4546204740167843,0.8111907734826125,0.9546204740167843,651,650
expt_gap,element,S,6,rf_ensemble_std,0.5,1.3782917974645648,1.3218787326341728,1.4423216319137786,0.8218787326341728,0.9423216319137786,652,651
expt_gap,element,S,7,descriptor_distance,0.5,0.6415152769381797,0.46190450918655757,0.8388358376482472,-0.038095490813442434,0.3388358376482472,23,22
expt_gap,element,S,7,quantile_width,0.5,1.7439874411302985,1.668174528301887,1.8369803791821928,1.168174528301887,1.3369803791821928,637,636
expt_gap,element,S,7,rf_distance_hybrid,0.5,1.382848214448761,1.319304871969833,1.4455182832402675,0.819304871969833,0.9455182832402675,642,641
expt_gap,element,S,7,rf_ensemble_std,0.5,1.3757033260420606,1.3122514208589846,1.4447681749400594,0.8122514208589846,0.9447681749400594,652,651
expt_gap,element,S,8,quantile_width,0.5,1.7403980891719746,1.6684971441705017,1.7987130352981744,1.1684971441705017,1.2987130352981744,628,627
expt_gap,element,S,8,rf_distance_hybrid,0.5,1.3853538699926544,1.3124045942205176,1.4535748828238801,0.8124045942205176,0.9535748828238801,650,649
expt_gap,element,S,8,rf_ensemble_std,0.5,1.3860438099757237,1.317140504976923,1.467139496638997,0.8171405049769229,0.967139496638997,652,651
expt_gap,element,S,9,descriptor_distance,0.5,0.9044157813595896,0.7195494770274269,1.1462618406144862,0.2195494770274269,0.6462618406144862,46,46
expt_gap,element,S,9,quantile_width,0.5,1.7469701726844582,1.6673393178025926,1.8317834751455442,1.1673393178025926,1.3317834751455442,637,636
expt_gap,element,S,9,rf_distance_hybrid,0.5,1.3377163025190295,1.2668190647374182,1.4048953420158499,0.7668190647374182,0.9048953420158499,651,650
expt_gap,element,S,9,rf_ensemble_std,0.5,1.3412598789327543,1.2816861267445792,1.407505544076285,0.7816861267445792,0.9075055440762849,647,646
expt_gap,element,Se,0,quantile_width,0.5,1.3541223832528182,1.2916576612903226,1.4360171951210057,0.7916576612903226,0.9360171951210057,621,619
expt_gap,element,Se,0,rf_distance_hybrid,0.5,0.9874824166186041,0.9273221674240683,1.0465006103144423,0.42732216742406826,0.5465006103144423,676,674
expt_gap,element,Se,0,rf_ensemble_std,0.5,0.9849145871187732,0.9201319651849564,1.0477357732575896,0.42013196518495644,0.5477357732575896,675,673
expt_gap,element,Se,1,descriptor_distance,0.5,0.722620956670135,0.5144997896155352,0.9908043713088582,0.014499789615535219,0.49080437130885823,49,49
expt_gap,element,Se,1,quantile_width,0.5,1.3464847512038522,1.2826614711148154,1.4232532102728732,0.7826614711148154,0.9232532102728732,623,621
expt_gap,element,Se,1,rf_distance_hybrid,0.5,1.0060925466452624,0.9383761334763109,1.0597954660707523,0.4383761334763109,0.5597954660707523,661,659
expt_gap,element,Se,1,rf_ensemble_std,0.5,1.0107794698712054,0.94214723152044,1.0705431593039019,0.44214723152044,0.5705431593039019,648,646
expt_gap,element,Se,2,descriptor_distance,0.5,0.7109578247011387,0.45612097760434006,0.9866857504861745,-0.04387902239565994,0.48668575048617446,43,43
expt_gap,element,Se,2,quantile_width,0.5,1.3594736842105264,1.2972440191387558,1.4343669457735246,0.7972440191387558,0.9343669457735246,627,625
expt_gap,element,Se,2,rf_distance_hybrid,0.5,0.9691546391286612,0.9149210869264716,1.0227111446950883,0.41492108692647156,0.5227111446950883,676,674
expt_gap,element,Se,2,rf_ensemble_std,0.5,0.9631935930977118,0.904881223897465,1.023101758128528,0.40488122389746495,0.523101758128528,673,671
expt_gap,element,Se,3,quantile_width,0.5,1.3445000986250897,1.2765542487216808,1.4077508019681284,0.7765542487216808,0.9077508019681284,619,617
expt_gap,element,Se,3,rf_distance_hybrid,0.5,1.0231251483983972,0.9536918321591391,1.0715729960009104,0.4536918321591391,0.5715729960009104,673,671
expt_gap,element,Se,3,rf_ensemble_std,0.5,1.0148314761333996,0.9646231406529596,1.0712596531224106,0.4646231406529596,0.5712596531224106,673,671
expt_gap,element,Se,4,descriptor_distance,0.5,0.9719769498355713,0.9242351799851367,1.0283374430171002,0.4242351799851367,0.5283374430171002,676,674
expt_gap,element,Se,4,quantile_width,0.5,1.347792,1.2754935456539076,1.4138285256410257,0.7754935456539076,0.9138285256410257,625,623
expt_gap,element,Se,4,rf_distance_hybrid,0.5,0.9719769498355713,0.9134470579991869,1.034180170100158,0.4134470579991869,0.5341801701001581,676,674
expt_gap,element,Se,4,rf_ensemble_std,0.5,0.9676040787187742,0.9128546392476449,1.0210022189743166,0.4128546392476449,0.5210022189743166,673,671
expt_gap,element,Se,5,descriptor_distance,0.5,0.7578669218735962,0.5452093620118994,1.0300031321370078,0.0452093620118994,0.5300031321370078,44,44
expt_gap,element,Se,5,quantile_width,0.5,1.3486837881219904,1.2764826193820225,1.4209812944831821,0.7764826193820225,0.9209812944831821,623,621
expt_gap,element,Se,5,rf_distance_hybrid,0.5,0.9793887103673021,0.9133234308234653,1.0347979573289838,0.41332343082346534,0.5347979573289838,676,674
expt_gap,element,Se,5,rf_ensemble_std,0.5,0.9686187159703258,0.9176658952420299,1.0214577009907053,0.4176658952420299,0.5214577009907053,671,669
expt_gap,element,Se,6,quantile_width,0.5,1.3647929936305734,1.2994604105609087,1.4315731832243017,0.7994604105609087,0.9315731832243017,628,626
expt_gap,element,Se,6,rf_distance_hybrid,0.5,1.0200831989450878,0.9650492237347282,1.0769492279302137,0.46504922373472823,0.5769492279302137,648,646
expt_gap,element,Se,6,rf_ensemble_std,0.5,1.0151318331817234,0.9583929665730642,1.0765985432667566,0.45839296657306416,0.5765985432667566,656,654
expt_gap,element,Se,7,descriptor_distance,0.5,0.524000272476062,0.3781353024690015,0.6803405832816098,-0.12186469753099849,0.18034058328160985,35,35
expt_gap,element,Se,7,quantile_width,0.5,1.354526484751204,1.2899108567276774,1.431330452335653,0.7899108567276774,0.9313304523356529,623,621
expt_gap,element,Se,7,rf_distance_hybrid,0.5,1.015808433760765,0.9622234048844344,1.0787864621592096,0.46222340488443436,0.5787864621592096,676,674
expt_gap,element,Se,7,rf_ensemble_std,0.5,1.0085925809619252,0.9551777556132995,1.0635299824518896,0.45517775561329954,0.5635299824518896,671,669
expt_gap,element,Se,8,quantile_width,0.5,1.3576886035313003,1.2890406503383174,1.4311099036146437,0.7890406503383174,0.9311099036146437,623,621
expt_gap,element,Se,8,rf_distance_hybrid,0.5,0.9883210050680399,0.9301627982940095,1.0392897028633445,0.4301627982940095,0.5392897028633445,650,648
expt_gap,element,Se,8,rf_ensemble_std,0.5,0.9596908291281244,0.906534341762262,1.0147830814875207,0.406534341762262,0.5147830814875207,662,660
expt_gap,element,Se,9,quantile_width,0.5,1.3505797101449275,1.2704951055388445,1.412667704983923,0.7704951055388445,0.9126677049839229,621,619
expt_gap,element,Se,9,rf_distance_hybrid,0.5,1.0371165286776634,0.9795711559973292,1.1096227919843158,0.47957115599732925,0.6096227919843158,676,674
expt_gap,element,Se,9,rf_ensemble_std,0.5,1.0349388952692375,0.982319317171809,1.0895110264901482,0.482319317171809,0.5895110264901482,675,673
expt_gap,element,Te,0,quantile_width,0.5,0.8741828254847647,0.7887112188365651,0.9808594182825486,0.28871121883656514,0.48085941828254863,361,361
expt_gap,element,Te,0,rf_distance_hybrid,0.5,0.7018905636789053,0.6297012661195431,0.7941423469420885,0.12970126611954313,0.2941423469420885,409,408
expt_gap,element,Te,0,rf_ensemble_std,0.5,0.7025815078006205,0.6177835518741656,0.7765106678809248,0.11778355187416556,0.2765106678809248,415,414
expt_gap,element,Te,1,quantile_width,0.5,0.8639548022598871,0.7702662429378532,0.9687125706214689,0.2702662429378532,0.46871257062146887,354,354
expt_gap,element,Te,1,rf_distance_hybrid,0.5,0.698592610224636,0.6255244702816688,0.7786756658098843,0.1255244702816688,0.27867566580988434,405,404
expt_gap,element,Te,1,rf_ensemble_std,0.5,0.7204015524091819,0.6279656351273034,0.8001205354688303,0.1279656351273034,0.30012053546883033,401,400
expt_gap,element,Te,2,descriptor_distance,0.5,0.8368528734561734,0.6511576081841306,1.0726847334453817,0.1511576081841306,0.5726847334453817,90,90
expt_gap,element,Te,2,quantile_width,0.5,0.8715598885793872,0.7804442896935935,0.9723405292479108,0.2804442896935935,0.4723405292479108,359,359
expt_gap,element,Te,2,rf_distance_hybrid,0.5,0.7327995353194032,0.6725252362950225,0.8177052492788729,0.17252523629502248,0.3177052492788729,411,410
expt_gap,element,Te,2,rf_ensemble_std,0.5,0.7136671662440985,0.6383956187938544,0.7980814030854362,0.13839561879385442,0.2980814030854362,402,401
expt_gap,element,Te,3,descriptor_distance,0.5,0.8150262567329547,0.651944122399456,1.0853081325280671,0.15194412239945598,0.5853081325280671,90,90
expt_gap,element,Te,3,quantile_width,0.5,0.8743977591036415,0.7704936974789917,0.9664726890756303,0.27049369747899166,0.46647268907563033,357,357
expt_gap,element,Te,3,rf_distance_hybrid,0.5,0.6785449670545325,0.6164566663676488,0.7603969431095742,0.11645666636764884,0.2603969431095742,402,401
expt_gap,element,Te,3,rf_ensemble_std,0.5,0.687411077269735,0.5939642791260361,0.7768600390315716,0.09396427912603611,0.27686003903157164,395,394
expt_gap,element,Te,4,quantile_width,0.5,0.8724861878453039,0.7747230662983426,0.9686583863883319,0.27472306629834264,0.4686583863883319,362,361
expt_gap,element,Te,4,rf_distance_hybrid,0.5,0.7219261587435437,0.6346428791904372,0.8057948753705549,0.13464287919043716,0.30579487537055494,413,412
expt_gap,element,Te,4,rf_ensemble_std,0.5,0.7270227448731963,0.636707806875651,0.8161099423510952,0.13670780687565098,0.31610994235109524,412,411
expt_gap,element,Te,5,quantile_width,0.5,0.8724861878453039,0.7886441629298603,0.9875803324099723,0.2886441629298603,0.48758033240997234,362,361
expt_gap,element,Te,5,rf_distance_hybrid,0.5,0.7017392322765256,0.6283073599659846,0.7803050693391047,0.12830735996598464,0.2803050693391047,411,410
expt_gap,element,Te,5,rf_ensemble_std,0.5,0.6914069605740792,0.6171060401889154,0.7666897040695715,0.11710604018891535,0.2666897040695715,409,408
expt_gap,element,Te,6,quantile_width,0.5,0.8759504132231406,0.7785962513127254,0.9734360957017247,0.27859625131272536,0.47343609570172474,363,362
expt_gap,element,Te,6,rf_distance_hybrid,0.5,0.7320908361908179,0.6604611195900639,0.8165971335868425,0.16046111959006393,0.3165971335868425,410,409
expt_gap,element,Te,6,rf_ensemble_std,0.5,0.7316373034699231,0.6488352437010739,0.829984062421458,0.14883524370107393,0.32998406242145795,414,413
expt_gap,element,Te,7,quantile_width,0.5,0.873656509695291,0.7750339335180056,0.9672624653739612,0.27503393351800565,0.4672624653739612,361,361
expt_gap,element,Te,7,rf_distance_hybrid,0.5,0.7300912086710682,0.6593927739259289,0.8059992536957077,0.15939277392592888,0.3059992536957077,413,412
expt_gap,element,Te,7,rf_ensemble_std,0.5,0.7325917769614396,0.641516315675028,0.8064591134483343,0.14151631567502798,0.3064591134483343,412,411
expt_gap,element,Te,8,descriptor_distance,0.5,0.8844125562380301,0.7061246971802143,1.0641492682535862,0.2061246971802143,0.5641492682535862,111,111
expt_gap,element,Te,8,quantile_width,0.5,0.8757417582417584,0.7797595415947688,0.9623969489414695,0.2797595415947688,0.46239694894146954,364,363
expt_gap,element,Te,8,rf_distance_hybrid,0.5,0.7051608622177875,0.6301329340645421,0.7675275265489352,0.13013293406454207,0.2675275265489352,418,417
expt_gap,element,Te,8,rf_ensemble_std,0.5,0.7014235739203631,0.6312442444752234,0.8003301603888966,0.13124424447522343,0.3003301603888966,416,415
expt_gap,element,Te,9,quantile_width,0.5,0.8695264623955431,0.7571901114206128,0.9707848189415041,0.25719011142061277,0.47078481894150415,359,359
expt_gap,element,Te,9,rf_distance_hybrid,0.5,0.6944343933447099,0.6097662784152577,0.7818370465515938,0.10976627841525766,0.2818370465515938,407,406
expt_gap,element,Te,9,rf_ensemble_std,0.5,0.7008836491504414,0.6352080520276301,0.7765242586070393,0.1352080520276301,0.27652425860703933,410,409
log_kvrh,cluster,C1,0,quantile_width,0.15,0.2610621753524892,0.25633363675998583,0.2662722025382785,0.10633363675998583,0.1162722025382785,6523,6097
log_kvrh,cluster,C1,0,rf_distance_hybrid,0.15,0.22817477400101896,0.2181238918740606,0.2374206687783184,0.0681238918740606,0.08742066877831842,1315,1188
log_kvrh,cluster,C1,0,rf_ensemble_std,0.15,0.3236327008632538,0.316588634558303,0.331727033674144,0.166588634558303,0.18172703367414403,5240,4857
log_kvrh,cluster,C1,1,quantile_width,0.15,0.3045030607845366,0.29920188211117854,0.3106395317706469,0.14920188211117855,0.1606395317706469,6956,6470
log_kvrh,cluster,C1,1,rf_distance_hybrid,0.15,0.22094726669749815,0.20895510577306983,0.23080150822627823,0.05895510577306984,0.08080150822627824,1117,1009
log_kvrh,cluster,C1,1,rf_ensemble_std,0.15,0.334643527989534,0.3287681635173388,0.33949462537425007,0.1787681635173388,0.18949462537425008,6049,5589
log_kvrh,cluster,C1,2,descriptor_distance,0.15,0.27440070177861736,0.18617415690368166,0.3688440025640765,0.03617415690368167,0.21884400256407652,6,5
log_kvrh,cluster,C1,2,quantile_width,0.15,0.26965634447027653,0.2638104178000605,0.27499704205935677,0.11381041780006049,0.12499704205935677,7157,6658
log_kvrh,cluster,C1,2,rf_distance_hybrid,0.15,0.20182016408565118,0.18315221330495374,0.2175487478023699,0.03315221330495374,0.06754874780236991,356,324
log_kvrh,cluster,C1,2,rf_ensemble_std,0.15,0.28574827964408245,0.27861093446001267,0.2934395663752259,0.12861093446001268,0.1434395663752259,5389,5008
log_kvrh,cluster,C1,3,quantile_width,0.15,0.2664031809720203,0.26203262253761406,0.2721775832261331,0.11203262253761406,0.12217758322613312,7281,6755
log_kvrh,cluster,C1,3,rf_distance_hybrid,0.15,0.16855203988279563,0.15753668676937746,0.18152191306839544,0.007536686769377465,0.03152191306839544,562,493
log_kvrh,cluster,C1,3,rf_ensemble_std,0.15,0.2598036711571529,0.2554986192988224,0.264125094842752,0.1054986192988224,0.11412509484275199,6602,6142
log_kvrh,cluster,C1,4,quantile_width,0.15,0.250723662772524,0.245812659693712,0.25651275415330127,0.095812659693712,0.10651275415330128,7124,6629
log_kvrh,cluster,C1,4,rf_distance_hybrid,0.15,0.1945789895592983,0.1820045183883116,0.20544857800031394,0.032004518388311615,0.05544857800031394,853,771
log_kvrh,cluster,C1,4,rf_ensemble_std,0.15,0.2885397400667333,0.2830267404218349,0.29422646017608794,0.1330267404218349,0.14422646017608795,6052,5629
log_kvrh,cluster,C1,5,quantile_width,0.15,0.2755229478221144,0.27104164840800044,0.2812054531461608,0.12104164840800044,0.1312054531461608,7418,6867
log_kvrh,cluster,C1,5,rf_distance_hybrid,0.15,0.2729859128892844,0.2540551273689279,0.29407558855444565,0.10405512736892789,0.14407558855444566,428,381
log_kvrh,cluster,C1,5,rf_ensemble_std,0.15,0.3474271024012214,0.34116175600561144,0.3535907908050577,0.19116175600561144,0.20359079080505768,5902,5457
log_kvrh,cluster,C1,6,quantile_width,0.15,0.2343187317112669,0.2302502530790012,0.2397553501164933,0.08025025307900122,0.0897553501164933,6491,6088
log_kvrh,cluster,C1,6,rf_distance_hybrid,0.15,0.1782211768629731,0.16388249632492347,0.19077411940060243,0.013882496324923471,0.04077411940060244,437,385
log_kvrh,cluster,C1,6,rf_ensemble_std,0.15,0.30209437110191145,0.29602630797883184,0.30846588221241433,0.14602630797883184,0.15846588221241434,5690,5281
log_kvrh,cluster,C1,7,quantile_width,0.15,0.264876464547646,0.25911362911733316,0.2708154171331554,0.10911362911733316,0.12081541713315538,5635,5335
log_kvrh,cluster,C1,7,rf_distance_hybrid,0.15,0.14775950823270606,0.1317022532736972,0.16755842696587006,-0.0182977467263028,0.017558426965870066,285,248
log_kvrh,cluster,C1,7,rf_ensemble_std,0.15,0.2836775717346791,0.27819083835236486,0.2899943455871178,0.12819083835236486,0.1399943455871178,4819,4493
log_kvrh,cluster,C1,8,quantile_width,0.15,0.2947643271302771,0.28822592251525386,0.2996258414097751,0.13822592251525387,0.1496258414097751,5317,5067
log_kvrh,cluster,C1,8,rf_distance_hybrid,0.15,0.2634025420118862,0.24856478570780166,0.2774127059825577,0.09856478570780167,0.1274127059825577,794,736
log_kvrh,cluster,C1,8,rf_ensemble_std,0.15,0.3475929421686498,0.34101220707076074,0.3541509604309377,0.19101220707076075,0.2041509604309377,6341,5852
log_kvrh,cluster,C1,9,quantile_width,0.15,0.2829180330311287,0.2783264356597966,0.2880950059591172,0.1283264356597966,0.1380950059591172,6593,6169
log_kvrh,cluster,C1,9,rf_distance_hybrid,0.15,0.2714873148099617,0.25959763805837327,0.2850546251043926,0.10959763805837328,0.13505462510439262,1361,1281
log_kvrh,cluster,C1,9,rf_ensemble_std,0.15,0.3364624123944578,0.32963088423288955,0.34311327816775455,0.17963088423288956,0.19311327816775456,4752,4479
log_kvrh,cluster,C2,0,descriptor_distance,0.15,0.2343066640174573,0.22592024788347323,0.24339137414416334,0.07592024788347324,0.09339137414416335,2171,1735
log_kvrh,cluster,C2,0,quantile_width,0.15,0.24638089953776174,0.2372919025874823,0.2562854749600628,0.08729190258748232,0.10628547496006283,2171,1735
log_kvrh,cluster,C2,0,rf_distance_hybrid,0.15,0.23336277877434958,0.22426313049485488,0.2440683165938936,0.07426313049485489,0.09406831659389361,2128,1697
log_kvrh,cluster,C2,0,rf_ensemble_std,0.15,0.2343066640174573,0.22308685449519663,0.24315641677576796,0.07308685449519664,0.09315641677576797,2171,1735
log_kvrh,cluster,C2,1,descriptor_distance,0.15,0.22733288853047032,0.21763677700254266,0.23724320918775946,0.06763677700254267,0.08724320918775946,2116,1683
log_kvrh,cluster,C2,1,quantile_width,0.15,0.24278696836796224,0.23378498501512096,0.2539775594385551,0.08378498501512097,0.1039775594385551,2171,1735
log_kvrh,cluster,C2,1,rf_distance_hybrid,0.15,0.22668359920961625,0.21644267636251538,0.23613868657237497,0.06644267636251538,0.08613868657237497,2169,1733
log_kvrh,cluster,C2,1,rf_ensemble_std,0.15,0.22581829606553755,0.2149289962261546,0.23647433744655635,0.06492899622615461,0.08647433744655636,2164,1728
log_kvrh,cluster,C2,2,descriptor_distance,0.15,0.2335342983988453,0.22462344762890224,0.24290921730357518,0.07462344762890225,0.09290921730357518,2171,1735
log_kvrh,cluster,C2,2,quantile_width,0.15,0.24532779469033186,0.23656948928793953,0.25580074860416546,0.08656948928793953,0.10580074860416547,2171,1735
log_kvrh,cluster,C2,2,rf_distance_hybrid,0.15,0.23204554482411802,0.22207557519604043,0.24351014742098331,0.07207557519604044,0.09351014742098332,2101,1673
log_kvrh,cluster,C2,2,rf_ensemble_std,0.15,0.23351988976442095,0.223621435211357,0.24341988290994013,0.073621435211357,0.09341988290994013,2162,1728
log_kvrh,cluster,C2,3,descriptor_distance,0.15,0.2439397651420683,0.2356372744994548,0.2554693242138257,0.0856372744994548,0.10546932421382568,2171,1735
log_kvrh,cluster,C2,3,quantile_width,0.15,0.2580587712762321,0.24948644585864332,0.26811838331296456,0.09948644585864333,0.11811838331296456,2171,1735
log_kvrh,cluster,C2,3,rf_distance_hybrid,0.15,0.24093824020841118,0.23131510317948678,0.25199666796159664,0.08131510317948679,0.10199666796159665,2113,1682
log_kvrh,cluster,C2,3,rf_ensemble_std,0.15,0.24349307445932342,0.23253048709993937,0.25420478435677235,0.08253048709993938,0.10420478435677236,2162,1728
log_kvrh,cluster,C2,4,descriptor_distance,0.15,0.2429186559958965,0.23375372339392697,0.252083836841965,0.08375372339392698,0.10208383684196501,2149,1713
log_kvrh,cluster,C2,4,quantile_width,0.15,0.24638413365693318,0.2359008991679776,0.25508968065813603,0.0859008991679776,0.10508968065813604,2171,1735
log_kvrh,cluster,C2,4,rf_distance_hybrid,0.15,0.24343324421768475,0.23395035771262745,0.2518629295764278,0.08395035771262746,0.10186292957642781,2170,1734
log_kvrh,cluster,C2,4,rf_ensemble_std,0.15,0.24348869417061045,0.2351737577622861,0.2531412462107326,0.08517375776228611,0.10314124621073259,2170,1734
log_kvrh,cluster,C2,5,descriptor_distance,0.15,0.2477414920683012,0.23927620098432836,0.25795546685676357,0.08927620098432837,0.10795546685676358,2118,1685
log_kvrh,cluster,C2,5,quantile_width,0.15,0.2576833191957501,0.24783162118082153,0.2672496507642739,0.09783162118082153,0.11724965076427393,2171,1735
log_kvrh,cluster,C2,5,rf_distance_hybrid,0.15,0.24746333473429555,0.23752520633474383,0.25810236982414586,0.08752520633474384,0.10810236982414587,2148,1714
log_kvrh,cluster,C2,5,rf_ensemble_std,0.15,0.2483267963823468,0.23839579121585175,0.2575780325837484,0.08839579121585175,0.1075780325837484,2171,1735
log_kvrh,cluster,C2,6,descriptor_distance,0.15,0.2384935644433555,0.22778390240446567,0.2462992243106606,0.07778390240446567,0.0962992243106606,2171,1735
log_kvrh,cluster,C2,6,quantile_width,0.15,0.24461280423860934,0.23560932203620877,0.2536366203648788,0.08560932203620877,0.10363662036487878,2171,1735
log_kvrh,cluster,C2,6,rf_distance_hybrid,0.15,0.23564188556034418,0.22809337300354426,0.24730777375456378,0.07809337300354427,0.09730777375456379,2045,1621
log_kvrh,cluster,C2,6,rf_ensemble_std,0.15,0.23845532191916885,0.2288742476510707,0.24709873350551412,0.0788742476510707,0.09709873350551412,2170,1734
log_kvrh,cluster,C2,7,descriptor_distance,0.15,0.23908056324755597,0.2289545710562103,0.24842117408686767,0.07895457105621032,0.09842117408686768,2171,1735
log_kvrh,cluster,C2,7,quantile_width,0.15,0.25073261402522823,0.24168807622689767,0.2603391715901346,0.09168807622689767,0.1103391715901346,2171,1735
log_kvrh,cluster,C2,7,rf_distance_hybrid,0.15,0.23891834026945108,0.22843094302267844,0.24860230352093013,0.07843094302267845,0.09860230352093013,2169,1733
log_kvrh,cluster,C2,7,rf_ensemble_std,0.15,0.23857971714191192,0.22889010032290885,0.25017051534519796,0.07889010032290886,0.10017051534519797,2165,1729
log_kvrh,cluster,C2,8,descriptor_distance,0.15,0.24404636060130425,0.2355074075331691,0.25273950618817875,0.0855074075331691,0.10273950618817876,2171,1735
log_kvrh,cluster,C2,8,quantile_width,0.15,0.25270433041466855,0.24331165169951716,0.26450727854124656,0.09331165169951716,0.11450727854124657,2171,1735
log_kvrh,cluster,C2,8,rf_distance_hybrid,0.15,0.24293358050219557,0.23394582436406025,0.25316762220489913,0.08394582436406026,0.10316762220489914,2152,1719
log_kvrh,cluster,C2,8,rf_ensemble_std,0.15,0.24404636060130425,0.23499207059191163,0.2520667260803252,0.08499207059191163,0.10206672608032522,2171,1735
log_kvrh,cluster,C2,9,descriptor_distance,0.15,0.23399286080660278,0.22406183540987504,0.24265636544398336,0.07406183540987504,0.09265636544398337,2171,1735
log_kvrh,cluster,C2,9,quantile_width,0.15,0.2467710628716225,0.23773830387166836,0.2584519781670748,0.08773830387166837,0.10845197816707483,2171,1735
log_kvrh,cluster,C2,9,rf_distance_hybrid,0.15,0.2335069222069343,0.22453020003830707,0.24142059060644094,0.07453020003830707,0.09142059060644095,2113,1685
log_kvrh,cluster,C2,9,rf_ensemble_std,0.15,0.2338933343314581,0.22569098843703875,0.242597575415117,0.07569098843703875,0.09259757541511701,2170,1734
log_kvrh,cluster,C3,0,descriptor_distance,0.15,0.2051188686453085,0.18820418600912267,0.22390589963181248,0.038204186009122676,0.07390589963181249,797,734
log_kvrh,cluster,C3,0,quantile_width,0.15,0.2128858980551545,0.19737750779987367,0.22954447133343037,0.04737750779987368,0.07954447133343037,800,735
log_kvrh,cluster,C3,0,rf_distance_hybrid,0.15,0.20302882097435435,0.18685255011912305,0.21980873865053835,0.036852550119123056,0.06980873865053835,784,722
log_kvrh,cluster,C3,0,rf_ensemble_std,0.15,0.20499245456629445,0.19032297922149435,0.2210474892409651,0.04032297922149436,0.0710474892409651,800,735
log_kvrh,cluster,C3,1,descriptor_distance,0.15,0.20761885203622008,0.19031281839634975,0.2268053819798159,0.04031281839634976,0.0768053819798159,727,671
log_kvrh,cluster,C3,1,quantile_width,0.15,0.21942059071791312,0.20279360714777014,0.23698395882267947,0.05279360714777015,0.08698395882267948,800,735
log_kvrh,cluster,C3,1,rf_distance_hybrid,0.15,0.22679521995442392,0.20934526421437621,0.2483027302818869,0.05934526421437622,0.09830273028188691,792,728
log_kvrh,cluster,C3,1,rf_ensemble_std,0.15,0.22732326574448355,0.2100876612156686,0.24426717965434802,0.06008766121566861,0.09426717965434803,800,735
log_kvrh,cluster,C3,2,descriptor_distance,0.15,0.16135581127549642,0.1467048249764793,0.1787904593234622,-0.0032951750235206967,0.028790459323462192,501,470
log_kvrh,cluster,C3,2,quantile_width,0.15,0.21020029241054758,0.19560284618488302,0.22379315148935155,0.04560284618488303,0.07379315148935156,800,735
log_kvrh,cluster,C3,2,rf_distance_hybrid,0.15,0.17691642459722073,0.16188564935868788,0.19547383049949107,0.011885649358687883,0.04547383049949108,577,539
log_kvrh,cluster,C3,2,rf_ensemble_std,0.15,0.1984104869256495,0.18652782400498216,0.21349473737947652,0.03652782400498217,0.06349473737947653,800,735
log_kvrh,cluster,C3,3,descriptor_distance,0.15,0.20078001972645532,0.1868286302732219,0.2166322715675084,0.03682863027322192,0.0666322715675084,796,733
log_kvrh,cluster,C3,3,quantile_width,0.15,0.22105206183290227,0.2041710858530185,0.23833280590319708,0.0541710858530185,0.08833280590319709,800,735
log_kvrh,cluster,C3,3,rf_distance_hybrid,0.15,0.17965137411902612,0.1640243511539962,0.19729674489468715,0.014024351153996195,0.04729674489468716,581,545
log_kvrh,cluster,C3,3,rf_ensemble_std,0.15,0.19994260325113503,0.18575483213822358,0.21423164817317447,0.035754832138223586,0.06423164817317448,795,730
log_kvrh,cluster,C3,4,descriptor_distance,0.15,0.1855355767935163,0.1717167499458167,0.20104341534162296,0.02171674994581671,0.05104341534162296,695,638
log_kvrh,cluster,C3,4,quantile_width,0.15,0.20928800772922487,0.19329041141686595,0.2270643962383632,0.04329041141686596,0.0770643962383632,799,734
log_kvrh,cluster,C3,4,rf_distance_hybrid,0.15,0.22155570479894346,0.2044112443341958,0.23966829521263888,0.05441124433419581,0.08966829521263889,790,725
log_kvrh,cluster,C3,4,rf_ensemble_std,0.15,0.22098163714794544,0.20478381547441935,0.236294854446057,0.05478381547441935,0.086294854446057,800,735
log_kvrh,cluster,C3,5,descriptor_distance,0.15,0.2164455171666266,0.19929082732748296,0.2321439223573744,0.04929082732748297,0.08214392235737442,790,728
log_kvrh,cluster,C3,5,quantile_width,0.15,0.2087905304359831,0.19318567388143776,0.22404940108089413,0.043185673881437764,0.07404940108089414,800,735
log_kvrh,cluster,C3,5,rf_distance_hybrid,0.15,0.21626864655274866,0.20049372100016935,0.2335919553732951,0.050493721000169356,0.08359195537329511,789,724
log_kvrh,cluster,C3,5,rf_ensemble_std,0.15,0.21817516531253828,0.2026896439367484,0.23802386573917483,0.05268964393674841,0.08802386573917484,799,734
log_kvrh,cluster,C3,6,descriptor_distance,0.15,0.21927963515870358,0.20479331154874705,0.23743328213568682,0.05479331154874706,0.08743328213568682,797,734
log_kvrh,cluster,C3,6,quantile_width,0.15,0.21460530303952885,0.19819566139976033,0.23058466909356815,0.04819566139976034,0.08058466909356815,800,735
log_kvrh,cluster,C3,6,rf_distance_hybrid,0.15,0.20775796040503972,0.19275179276491675,0.22402723491334608,0.04275179276491675,0.07402723491334609,763,701
log_kvrh,cluster,C3,6,rf_ensemble_std,0.15,0.21919693755402897,0.2024280848736181,0.23446719071301386,0.05242808487361811,0.08446719071301387,800,735
log_kvrh,cluster,C3,7,descriptor_distance,0.15,0.16843426298254655,0.15630776984644368,0.18043277592630233,0.006307769846443684,0.030432775926302336,620,572
log_kvrh,cluster,C3,7,quantile_width,0.15,0.20519463140141725,0.18957325002958972,0.22335286782045752,0.039573250029589724,0.07335286782045752,800,735
log_kvrh,cluster,C3,7,rf_distance_hybrid,0.15,0.17075276443246357,0.15475637178848506,0.1875971321988991,0.004756371788485064,0.0375971321988991,623,581
log_kvrh,cluster,C3,7,rf_ensemble_std,0.15,0.18847825070064148,0.17490502065874286,0.20360192089377538,0.024905020658742866,0.053601920893775384,784,723
log_kvrh,cluster,C3,8,descriptor_distance,0.15,0.19351182016544455,0.18101325527651982,0.20617524599632234,0.031013255276519824,0.05617524599632234,797,734
log_kvrh,cluster,C3,8,quantile_width,0.15,0.20495210195875188,0.19118387325237385,0.22086682297526541,0.041183873252373854,0.07086682297526542,800,735
log_kvrh,cluster,C3,8,rf_distance_hybrid,0.15,0.1755096988470224,0.16042893669116484,0.19424921910252507,0.010428936691164847,0.04424921910252508,592,555
log_kvrh,cluster,C3,8,rf_ensemble_std,0.15,0.1932146527922301,0.17947757650588764,0.2075499433890494,0.029477576505887643,0.057549943389049396,799,734
log_kvrh,cluster,C3,9,descriptor_distance,0.15,0.20538888516610826,0.1922459512609219,0.2189889430634436,0.0422459512609219,0.06898894306344361,794,731
log_kvrh,cluster,C3,9,quantile_width,0.15,0.20547105251091793,0.18952774896974856,0.21923279153559438,0.03952774896974856,0.06923279153559439,800,735
log_kvrh,cluster,C3,9,rf_distance_hybrid,0.15,0.19592332982302257,0.17794697235707693,0.21103231704442077,0.027946972357076938,0.061032317044420775,704,658
log_kvrh,cluster,C3,9,rf_ensemble_std,0.15,0.20517772919408958,0.19053002013063436,0.21841193799883474,0.040530020130634364,0.06841193799883474,800,735
log_kvrh,element,Al,0,descriptor_distance,0.15,0.10193906332153664,0.0948552433441962,0.11055552932386296,-0.05514475665580379,-0.03944447067613703,765,677
log_kvrh,element,Al,0,quantile_width,0.15,0.0951877170890137,0.08505270037016528,0.10715549299340972,-0.06494729962983471,-0.042844507006590274,765,677
log_kvrh,element,Al,0,rf_distance_hybrid,0.15,0.10193906332153664,0.09300376116299022,0.11161169627261348,-0.05699623883700977,-0.03838830372738651,765,677
log_kvrh,element,Al,0,rf_ensemble_std,0.15,0.10193906332153664,0.09273530445043025,0.10889888676499726,-0.05726469554956974,-0.041101113235002734,765,677
log_kvrh,element,Al,1,descriptor_distance,0.15,0.1035131509573012,0.09327462807486286,0.11312516587931301,-0.05672537192513713,-0.03687483412068698,765,677
log_kvrh,element,Al,1,quantile_width,0.15,0.09621339481210955,0.08668450470882454,0.10628563224494855,-0.06331549529117546,-0.04371436775505144,765,677
log_kvrh,element,Al,1,rf_distance_hybrid,0.15,0.1035131509573012,0.09277795110905394,0.11398971201105881,-0.05722204889094605,-0.03601028798894118,765,677
log_kvrh,element,Al,1,rf_ensemble_std,0.15,0.1035131509573012,0.09432732790033875,0.1128175686342445,-0.055672672099661244,-0.0371824313657555,765,677
log_kvrh,element,Al,2,descriptor_distance,0.15,0.10193389933367436,0.09319282289034411,0.11155508934355007,-0.05680717710965588,-0.03844491065644992,765,677
log_kvrh,element,Al,2,quantile_width,0.15,0.09871452013250888,0.09059703452534168,0.1074558146086024,-0.059402965474658315,-0.04254418539139759,764,676
log_kvrh,element,Al,2,rf_distance_hybrid,0.15,0.10193389933367436,0.09447476393427955,0.11198038124819498,-0.05552523606572045,-0.03801961875180501,765,677
log_kvrh,element,Al,2,rf_ensemble_std,0.15,0.10193389933367436,0.09495021950998402,0.11083538594479804,-0.05504978049001598,-0.039164614055201954,765,677
log_kvrh,element,Al,3,descriptor_distance,0.15,0.10615212154510116,0.09873920734062723,0.115370541532179,-0.051260792659372764,-0.03462945846782099,765,677
log_kvrh,element,Al,3,quantile_width,0.15,0.09713219850714108,0.08761905648732732,0.10707819318779804,-0.062380943512672676,-0.04292180681220195,765,677
log_kvrh,element,Al,3,rf_distance_hybrid,0.15,0.10615212154510116,0.0958518385092713,0.11658507448927168,-0.054148161490728694,-0.03341492551072832,765,677
log_kvrh,element,Al,3,rf_ensemble_std,0.15,0.10615212154510116,0.09714106450176566,0.1161424589498817,-0.05285893549823434,-0.03385754105011829,765,677
log_kvrh,element,Al,4,descriptor_distance,0.15,0.09930338487038666,0.08884516246740232,0.10773196258421558,-0.06115483753259768,-0.042268037415784415,765,677
log_kvrh,element,Al,4,quantile_width,0.15,0.09936018371526886,0.09035181528728647,0.10935478051575769,-0.05964818471271352,-0.04064521948424231,765,677
log_kvrh,element,Al,4,rf_distance_hybrid,0.15,0.09930338487038666,0.09019943914626494,0.10768351105136162,-0.05980056085373506,-0.042316488948638376,765,677
log_kvrh,element,Al,4,rf_ensemble_std,0.15,0.09930338487038666,0.09148792187266339,0.10992015501216695,-0.05851207812733661,-0.04007984498783304,765,677
log_kvrh,element,Al,5,descriptor_distance,0.15,0.1046040386746847,0.09389023992793406,0.11312652569946582,-0.05610976007206593,-0.03687347430053417,765,677
log_kvrh,element,Al,5,quantile_width,0.15,0.09869258778393504,0.0901307730832465,0.10974711234996976,-0.05986922691675349,-0.04025288765003024,765,677
log_kvrh,element,Al,5,rf_distance_hybrid,0.15,0.1046040386746847,0.0937929464933825,0.11577858351670675,-0.05620705350661749,-0.03422141648329324,765,677
log_kvrh,element,Al,5,rf_ensemble_std,0.15,0.1046040386746847,0.09603702023702905,0.1139140082729508,-0.053962979762970945,-0.036085991727049196,765,677
log_kvrh,element,Al,6,descriptor_distance,0.15,0.10253500503781401,0.09395490742495098,0.11117537648490096,-0.05604509257504901,-0.038824623515099035,765,677
log_kvrh,element,Al,6,quantile_width,0.15,0.09612955502472056,0.08811145121001612,0.10645770300290963,-0.06188854878998387,-0.04354229699709036,765,677
log_kvrh,element,Al,6,rf_distance_hybrid,0.15,0.10253500503781401,0.09390617339837914,0.11223041714460014,-0.05609382660162085,-0.03776958285539986,765,677
log_kvrh,element,Al,6,rf_ensemble_std,0.15,0.10253500503781401,0.0930006595145793,0.11047017064571028,-0.0569993404854207,-0.03952982935428971,765,677
log_kvrh,element,Al,7,descriptor_distance,0.15,0.10058825021059144,0.09133843971496243,0.10985241206080819,-0.058661560285037564,-0.040147587939191806,765,677
log_kvrh,element,Al,7,quantile_width,0.15,0.09526661866734083,0.08709852696288078,0.10473466449710232,-0.06290147303711921,-0.04526533550289767,765,677
log_kvrh,element,Al,7,rf_distance_hybrid,0.15,0.10058825021059144,0.09131169700877817,0.10869005721400578,-0.058688302991221825,-0.041309942785994216,765,677
log_kvrh,element,Al,7,rf_ensemble_std,0.15,0.10058825021059144,0.09267369047752673,0.10974841954226139,-0.057326309522473265,-0.040251580457738606,765,677
log_kvrh,element,Al,8,descriptor_distance,0.15,0.09771126859355218,0.08873910804414933,0.10750839707530586,-0.06126089195585066,-0.04249160292469413,765,677
log_kvrh,element,Al,8,quantile_width,0.15,0.09688572805517685,0.08813345373596161,0.10810958569047133,-0.06186654626403838,-0.04189041430952867,765,677
log_kvrh,element,Al,8,rf_distance_hybrid,0.15,0.09771126859355218,0.08867202400833603,0.10630804216547185,-0.061327975991663966,-0.043691957834528145,765,677
log_kvrh,element,Al,8,rf_ensemble_std,0.15,0.09771126859355218,0.09039621651767457,0.1071606765472159,-0.05960378348232542,-0.0428393234527841,765,677
log_kvrh,element,Al,9,descriptor_distance,0.15,0.10169352827112238,0.0927034095441751,0.11110065668515468,-0.0572965904558249,-0.03889934331484532,765,677
log_kvrh,element,Al,9,quantile_width,0.15,0.09640362864642234,0.08659850860975081,0.10554760538316554,-0.06340149139024918,-0.04445239461683445,765,677
log_kvrh,element,Al,9,rf_distance_hybrid,0.15,0.10169352827112238,0.09340611997604743,0.11178949077789709,-0.05659388002395256,-0.03821050922210291,765,677
log_kvrh,element,Al,9,rf_ensemble_std,0.15,0.10169352827112238,0.09334549668364821,0.11172869620570791,-0.05665450331635179,-0.03827130379429208,765,677
log_kvrh,element,Cu,0,descriptor_distance,0.15,0.12620005333484707,0.11653451817617914,0.1363205745729642,-0.03346548182382085,-0.01367942542703579,714,634
log_kvrh,element,Cu,0,quantile_width,0.15,0.12302309069897302,0.11432661500931457,0.13297194752096392,-0.035673384990685425,-0.017028052479036077,714,634
log_kvrh,element,Cu,0,rf_distance_hybrid,0.15,0.12620005333484707,0.11631599907525098,0.137043456517121,-0.03368400092474902,-0.012956543482879002,714,634
log_kvrh,element,Cu,0,rf_ensemble_std,0.15,0.12633980942123796,0.1170253433172649,0.1358796642909953,-0.032974656682735096,-0.0141203357090047,713,633
log_kvrh,element,Cu,1,descriptor_distance,0.15,0.12669386259410703,0.11778614102595067,0.13657618460840906,-0.032213858974049325,-0.013423815391590932,714,634
log_kvrh,element,Cu,1,quantile_width,0.15,0.1190134123872421,0.10922334159605888,0.1294218148838527,-0.04077665840394111,-0.020578185116147285,714,634
log_kvrh,element,Cu,1,rf_distance_hybrid,0.15,0.12669386259410703,0.11729590453064584,0.1363968378983141,-0.032704095469354155,-0.013603162101685884,714,634
log_kvrh,element,Cu,1,rf_ensemble_std,0.15,0.12669386259410703,0.11756726492031973,0.13619219869519736,-0.03243273507968027,-0.013807801304802636,714,634
log_kvrh,element,Cu,2,descriptor_distance,0.15,0.12257458199231365,0.11320511047657002,0.13210646154895117,-0.03679488952342998,-0.017893538451048824,714,634
log_kvrh,element,Cu,2,quantile_width,0.15,0.12172056970240945,0.1134780067430085,0.131221333159308,-0.0365219932569915,-0.018778666840691988,714,634
log_kvrh,element,Cu,2,rf_distance_hybrid,0.15,0.12257458199231365,0.11384189975766125,0.13165056564511235,-0.036158100242338745,-0.018349434354887645,714,634
log_kvrh,element,Cu,2,rf_ensemble_std,0.15,0.12257458199231365,0.11385573394953191,0.13066972459568033,-0.03614426605046808,-0.01933027540431967,714,634
log_kvrh,element,Cu,3,descriptor_distance,0.15,0.11937779177996638,0.10980939137592895,0.12971600125979124,-0.04019060862407105,-0.020283998740208753,714,634
log_kvrh,element,Cu,3,quantile_width,0.15,0.12310373989931604,0.11385660408785095,0.1323335805390961,-0.036143395912149046,-0.017666419460903887,714,634
log_kvrh,element,Cu,3,rf_distance_hybrid,0.15,0.11937779177996638,0.10995157508263469,0.12837506418539335,-0.04004842491736531,-0.021624935814606644,714,634
log_kvrh,element,Cu,3,rf_ensemble_std,0.15,0.11937779177996638,0.11025810813447146,0.12703556437631153,-0.03974189186552854,-0.022964435623688467,714,634
log_kvrh,element,Cu,4,descriptor_distance,0.15,0.12422561824404592,0.11411131234161959,0.13537542556309684,-0.03588868765838041,-0.014624574436903154,714,634
log_kvrh,element,Cu,4,quantile_width,0.15,0.12313750444114477,0.11434700486298593,0.1321222774431505,-0.03565299513701406,-0.017877722556849496,714,634
log_kvrh,element,Cu,4,rf_distance_hybrid,0.15,0.12422561824404592,0.11395028933192083,0.13518457564025047,-0.03604971066807916,-0.01481542435974953,714,634
log_kvrh,element,Cu,4,rf_ensemble_std,0.15,0.12422561824404592,0.11526256777262049,0.13478440013158854,-0.0347374322273795,-0.01521559986841145,714,634
log_kvrh,element,Cu,5,descriptor_distance,0.15,0.1225621420207645,0.11185372752072967,0.13340452113083273,-0.03814627247927033,-0.016595478869167263,714,634
log_kvrh,element,Cu,5,quantile_width,0.15,0.11917356606712115,0.11013979619739381,0.12832857055148872,-0.03986020380260619,-0.021671429448511276,714,634
log_kvrh,element,Cu,5,rf_distance_hybrid,0.15,0.1225621420207645,0.11361529377681369,0.13158545964801613,-0.036384706223186306,-0.018414540351983866,714,634
log_kvrh,element,Cu,5,rf_ensemble_std,0.15,0.1225621420207645,0.11254562395030372,0.13410867202127805,-0.03745437604969627,-0.015891327978721947,714,634
log_kvrh,element,Cu,6,descriptor_distance,0.15,0.12076770897315539,0.11193465901807136,0.1285478500477188,-0.03806534098192864,-0.021452149952281202,714,634
log_kvrh,element,Cu,6,quantile_width,0.15,0.12278438725277183,0.11469410078970302,0.13199339335618135,-0.035305899210296976,-0.018006606643818646,714,634
log_kvrh,element,Cu,6,rf_distance_hybrid,0.15,0.12076770897315539,0.11286776473806599,0.13007281219600275,-0.037132235261934,-0.019927187803997243,714,634
log_kvrh,element,Cu,6,rf_ensemble_std,0.15,0.12076770897315539,0.11118065637512858,0.12774042225189414,-0.03881934362487141,-0.022259577748105858,714,634
log_kvrh,element,Cu,7,descriptor_distance,0.15,0.12172451664356132,0.11210557598135228,0.13136102207419167,-0.03789442401864772,-0.01863897792580832,714,634
log_kvrh,element,Cu,7,quantile_width,0.15,0.12277104898731901,0.11392176072792447,0.13249906326414312,-0.03607823927207553,-0.01750093673585687,714,634
log_kvrh,element,Cu,7,rf_distance_hybrid,0.15,0.12172451664356132,0.11181731993100266,0.13089898309266135,-0.03818268006899733,-0.019101016907338647,714,634
log_kvrh,element,Cu,7,rf_ensemble_std,0.15,0.12179002478900511,0.11212751651790909,0.13066888168523225,-0.03787248348209091,-0.019331118314767748,713,633
log_kvrh,element,Cu,8,descriptor_distance,0.15,0.12556700717309796,0.11628908486004082,0.13518665238755023,-0.03371091513995918,-0.014813347612449762,714,634
log_kvrh,element,Cu,8,quantile_width,0.15,0.12418391467273168,0.11568694541956138,0.13350369555420266,-0.03431305458043861,-0.016496304445797333,714,634
log_kvrh,element,Cu,8,rf_distance_hybrid,0.15,0.12556700717309796,0.11666018354232205,0.13649401776459338,-0.033339816457677945,-0.01350598223540661,714,634
log_kvrh,element,Cu,8,rf_ensemble_std,0.15,0.12556700717309796,0.11510755565030424,0.13404363390049603,-0.03489244434969575,-0.01595636609950396,714,634
log_kvrh,element,Cu,9,descriptor_distance,0.15,0.12428226192849098,0.11657962408614764,0.13325442449619562,-0.03342037591385236,-0.016745575503804372,714,634
log_kvrh,element,Cu,9,quantile_width,0.15,0.11929929141485016,0.11100915211472168,0.12884586585105695,-0.03899084788527832,-0.021154134148943043,714,634
log_kvrh,element,Cu,9,rf_distance_hybrid,0.15,0.12428226192849098,0.11442366505149451,0.13411697231902667,-0.035576334948505484,-0.015883027680973327,714,634
log_kvrh,element,Cu,9,rf_ensemble_std,0.15,0.12428226192849098,0.11303048680063271,0.13423199953723008,-0.03696951319936728,-0.01576800046276991,714,634
log_kvrh,element,Li,0,descriptor_distance,0.15,0.15773449972395115,0.1474560538317238,0.1695307473820994,-0.00254394616827619,0.019530747382099395,893,772
log_kvrh,element,Li,0,quantile_width,0.15,0.1619466915235975,0.15279740625165347,0.17331090884696634,0.002797406251653478,0.02331090884696635,893,772
log_kvrh,element,Li,0,rf_distance_hybrid,0.15,0.15773449972395115,0.14634697374556233,0.1684671771776372,-0.003653026254437669,0.018467177177637212,893,772
log_kvrh,element,Li,0,rf_ensemble_std,0.15,0.15773449972395115,0.14722988192206454,0.1662392147888012,-0.0027701180779354517,0.016239214788801193,893,772
log_kvrh,element,Li,1,descriptor_distance,0.15,0.15259252449376592,0.1433479830932568,0.16203671282502444,-0.006652016906743191,0.012036712825024443,893,772
log_kvrh,element,Li,1,quantile_width,0.15,0.16364755341356446,0.1532988629729601,0.17584960736932723,0.003298862972960115,0.025849607369327232,893,772
log_kvrh,element,Li,1,rf_distance_hybrid,0.15,0.15259252449376592,0.14154641278423313,0.1639786911154137,-0.008453587215766861,0.013978691115413694,893,772
log_kvrh,element,Li,1,rf_ensemble_std,0.15,0.15259252449376592,0.14327284777043778,0.16178644130255893,-0.006727152229562217,0.011786441302558931,893,772
log_kvrh,element,Li,2,descriptor_distance,0.15,0.15271789217220444,0.14123993319248743,0.162979079315486,-0.008760066807512568,0.012979079315486003,893,772
log_kvrh,element,Li,2,quantile_width,0.15,0.16277717007206471,0.1515113411616619,0.17485081096064908,0.0015113411616619055,0.02485081096064909,893,772
log_kvrh,element,Li,2,rf_distance_hybrid,0.15,0.15271789217220444,0.14419188319108484,0.16294156931094025,-0.005808116808915159,0.01294156931094026,893,772
log_kvrh,element,Li,2,rf_ensemble_std,0.15,0.15279111468793166,0.1439124586279496,0.16407489846708365,-0.006087541372050392,0.014074898467083652,892,771
log_kvrh,element,Li,3,descriptor_distance,0.15,0.14942514269737128,0.14056442371492256,0.15969445250004927,-0.009435576285077435,0.009694452500049272,893,772
log_kvrh,element,Li,3,quantile_width,0.15,0.15864979569091633,0.14885127841220228,0.17105617182126606,-0.0011487215877977186,0.021056171821266068,893,772
log_kvrh,element,Li,3,rf_distance_hybrid,0.15,0.14942514269737128,0.1395070139710761,0.15886881601489544,-0.0104929860289239,0.008868816014895448,893,772
log_kvrh,element,Li,3,rf_ensemble_std,0.15,0.14942514269737128,0.14049162245996283,0.16022553072822845,-0.009508377540037166,0.01022553072822846,893,772
log_kvrh,element,Li,4,descriptor_distance,0.15,0.15042087589787762,0.1398323380198799,0.1616220236522034,-0.01016766198012009,0.011622023652203411,893,772
log_kvrh,element,Li,4,quantile_width,0.15,0.15728220802210896,0.14624473464403706,0.16800530925439605,-0.0037552653559629334,0.018005309254396057,893,772
log_kvrh,element,Li,4,rf_distance_hybrid,0.15,0.15042087589787762,0.1417176517060905,0.1605142731477277,-0.008282348293909503,0.01051427314772771,893,772
log_kvrh,element,Li,4,rf_ensemble_std,0.15,0.15042087589787762,0.14193760806130698,0.1619227553490908,-0.008062391938693014,0.011922755349090819,893,772
log_kvrh,element,Li,5,descriptor_distance,0.15,0.15290390375984383,0.14184287599035025,0.16338870487730378,-0.008157124009649741,0.013388704877303786,893,772
log_kvrh,element,Li,5,quantile_width,0.15,0.16614105108187532,0.1553834551286144,0.17593900878082724,0.005383455128614406,0.02593900878082725,893,772
log_kvrh,element,Li,5,rf_distance_hybrid,0.15,0.15290390375984383,0.14211231901288077,0.16473194404661226,-0.007887680987119228,0.014731944046612266,893,772
log_kvrh,element,Li,5,rf_ensemble_std,0.15,0.15290390375984383,0.14322021403210614,0.1643484755971062,-0.006779785967893859,0.014348475597106197,893,772
log_kvrh,element,Li,6,descriptor_distance,0.15,0.15388376638810644,0.14283057505066774,0.16478314635469657,-0.007169424949332259,0.014783146354696575,893,772
log_kvrh,element,Li,6,quantile_width,0.15,0.16557613997605578,0.15556181463893826,0.17991586959724315,0.005561814638938262,0.029915869597243155,893,772
log_kvrh,element,Li,6,rf_distance_hybrid,0.15,0.15388376638810644,0.14322606301944613,0.1636804314164521,-0.0067739369805538685,0.013680431416452116,893,772
log_kvrh,element,Li,6,rf_ensemble_std,0.15,0.1536367410793253,0.14313710359533804,0.1635314828436012,-0.00686289640466195,0.0135314828436012,892,771
log_kvrh,element,Li,7,descriptor_distance,0.15,0.15108214970568246,0.14195218340228627,0.1632024482111136,-0.008047816597713725,0.013202448211113604,893,772
log_kvrh,element,Li,7,quantile_width,0.15,0.1643554296034711,0.15214708990357811,0.17475248096779428,0.00214708990357812,0.024752480967794283,893,772
log_kvrh,element,Li,7,rf_distance_hybrid,0.15,0.15108214970568246,0.14079448381758153,0.16195045881416645,-0.009205516182418466,0.011950458814166454,893,772
log_kvrh,element,Li,7,rf_ensemble_std,0.15,0.15108214970568246,0.1405286696258608,0.161739026837931,-0.009471330374139192,0.011739026837931016,893,772
log_kvrh,element,Li,8,descriptor_distance,0.15,0.15375868708246737,0.1448362823636686,0.16549448341103037,-0.005163717636331389,0.01549448341103038,893,772
log_kvrh,element,Li,8,quantile_width,0.15,0.16033678493347175,0.15050088421254723,0.17263007788312248,0.0005008842125472368,0.02263007788312249,893,772
log_kvrh,element,Li,8,rf_distance_hybrid,0.15,0.15375868708246737,0.1432736371643083,0.1638786784401527,-0.006726362835691696,0.013878678440152697,893,772
log_kvrh,element,Li,8,rf_ensemble_std,0.15,0.15375868708246737,0.14315358321279065,0.16415123793376662,-0.006846416787209347,0.01415123793376663,893,772
log_kvrh,element,Li,9,descriptor_distance,0.15,0.15445471215585357,0.1456264906348711,0.16526277481256632,-0.004373509365128897,0.015262774812566327,893,772
log_kvrh,element,Li,9,quantile_width,0.15,0.16447490736564657,0.1531175304217991,0.17514727017358525,0.003117530421799103,0.025147270173585257,893,772
log_kvrh,element,Li,9,rf_distance_hybrid,0.15,0.15445471215585357,0.14450064283788894,0.1645056103659405,-0.005499357162111057,0.014505610365940502,893,772
log_kvrh,element,Li,9,rf_ensemble_std,0.15,0.15445471215585357,0.1426195521003769,0.16782980826704094,-0.007380447899623083,0.017829808267040947,893,772
log_kvrh,element,Mg,0,descriptor_distance,0.15,0.1374100894995086,0.1291377910257297,0.1447542893178014,-0.020862208974270297,-0.00524571068219859,718,651
log_kvrh,element,Mg,0,quantile_width,0.15,0.14276138337865876,0.13324526011793358,0.15083923271290925,-0.01675473988206641,0.0008392327129092547,718,651
log_kvrh,element,Mg,0,rf_distance_hybrid,0.15,0.1374100894995086,0.12974447271305234,0.14521625981568884,-0.020255527286947655,-0.004783740184311158,718,651
log_kvrh,element,Mg,0,rf_ensemble_std,0.15,0.1374100894995086,0.12959001134686413,0.14514969037851266,-0.02040998865313587,-0.004850309621487331,718,651
log_kvrh,element,Mg,1,descriptor_distance,0.15,0.1450526671577898,0.1363977465325458,0.153584435683264,-0.013602253467454195,0.003584435683263998,718,651
log_kvrh,element,Mg,1,quantile_width,0.15,0.1486259444478644,0.14021376317287257,0.1594245965368582,-0.009786236827127426,0.009424596536858204,718,651
log_kvrh,element,Mg,1,rf_distance_hybrid,0.15,0.1450526671577898,0.135458325095309,0.15319193897893352,-0.014541674904690993,0.003191938978933523,718,651
log_kvrh,element,Mg,1,rf_ensemble_std,0.15,0.1450526671577898,0.13640359551173054,0.1536470339988079,-0.013596404488269459,0.0036470339988079192,718,651
log_kvrh,element,Mg,2,descriptor_distance,0.15,0.1445147068387672,0.13747745987891985,0.15372146682972884,-0.012522540121080145,0.003721466829728848,718,651
log_kvrh,element,Mg,2,quantile_width,0.15,0.14419953823972198,0.13640619815241808,0.1536751064932051,-0.01359380184758191,0.003675106493205099,718,651
log_kvrh,element,Mg,2,rf_distance_hybrid,0.15,0.1445147068387672,0.13622911224073594,0.1521648785744573,-0.01377088775926405,0.0021648785744572963,718,651
log_kvrh,element,Mg,2,rf_ensemble_std,0.15,0.1445147068387672,0.13650653929253725,0.15320548318069988,-0.01349346070746274,0.0032054831806998807,718,651
log_kvrh,element,Mg,3,descriptor_distance,0.15,0.13560448588329285,0.12915951239569257,0.14354326849482818,-0.02084048760430743,-0.006456731505171814,718,651
log_kvrh,element,Mg,3,quantile_width,0.15,0.14185612888162893,0.13455122968796676,0.15019492959475247,-0.015448770312033233,0.00019492959475247984,718,651
log_kvrh,element,Mg,3,rf_distance_hybrid,0.15,0.13560448588329285,0.12683551671634988,0.1448356505256814,-0.023164483283650117,-0.005164349474318597,718,651
log_kvrh,element,Mg,3,rf_ensemble_std,0.15,0.13560448588329285,0.12902389268176323,0.1433595328834696,-0.020976107318236764,-0.0066404671165304074,718,651
log_kvrh,element,Mg,4,descriptor_distance,0.15,0.14052056262445334,0.13219975374378598,0.14918320909623473,-0.017800246256214014,-0.0008167909037652687,718,651
log_kvrh,element,Mg,4,quantile_width,0.15,0.1514235821866221,0.14215856310791816,0.16150732054512462,-0.007841436892081832,0.011507320545124627,718,651
log_kvrh,element,Mg,4,rf_distance_hybrid,0.15,0.14052056262445334,0.13346805805710069,0.14830176848168553,-0.01653194194289931,-0.0016982315183144692,718,651
log_kvrh,element,Mg,4,rf_ensemble_std,0.15,0.14052056262445334,0.1338974188478583,0.14913820066950395,-0.016102581152141693,-0.0008617993304960436,718,651
log_kvrh,element,Mg,5,descriptor_distance,0.15,0.1382479867650771,0.13026795941901279,0.14544701886698055,-0.01973204058098721,-0.00455298113301944,718,651
log_kvrh,element,Mg,5,quantile_width,0.15,0.1439291777502804,0.13507267998190398,0.15271992576597004,-0.014927320018096019,0.0027199257659700493,718,651
log_kvrh,element,Mg,5,rf_distance_hybrid,0.15,0.1382479867650771,0.1302073896688307,0.14585489187487197,-0.019792610331169302,-0.0041451081251280275,718,651
log_kvrh,element,Mg,5,rf_ensemble_std,0.15,0.1382479867650771,0.1309478568041399,0.14688841468667488,-0.0190521431958601,-0.003111585313325116,718,651
log_kvrh,element,Mg,6,descriptor_distance,0.15,0.13484184386614945,0.12574542062234964,0.1408804332001393,-0.024254579377650354,-0.009119566799860701,718,651
log_kvrh,element,Mg,6,quantile_width,0.15,0.14916766928628503,0.14034504527453612,0.15664857032409232,-0.009654954725463877,0.006648570324092329,718,651
log_kvrh,element,Mg,6,rf_distance_hybrid,0.15,0.13484184386614945,0.1275038483721753,0.1435220930622034,-0.0224961516278247,-0.006477906937796596,718,651
log_kvrh,element,Mg,6,rf_ensemble_std,0.15,0.13484184386614945,0.12604824704605688,0.14240922215607044,-0.023951752953943112,-0.007590777843929558,718,651
log_kvrh,element,Mg,7,descriptor_distance,0.15,0.14285907156154867,0.1344332986588382,0.15025293375995502,-0.015566701341161782,0.0002529337599550263,718,651
log_kvrh,element,Mg,7,quantile_width,0.15,0.14609481108647965,0.1373457258380961,0.15511823258026305,-0.0126542741619039,0.00511823258026306,718,651
log_kvrh,element,Mg,7,rf_distance_hybrid,0.15,0.14285907156154867,0.13334209733368863,0.1521082541398529,-0.01665790266631137,0.002108254139852911,718,651
log_kvrh,element,Mg,7,rf_ensemble_std,0.15,0.14285907156154867,0.13506208412351955,0.15214933538692643,-0.01493791587648044,0.0021493353869264376,718,651
log_kvrh,element,Mg,8,descriptor_distance,0.15,0.13373572963271274,0.12762392121015645,0.14218352558404265,-0.022376078789843545,-0.007816474415957342,718,651
log_kvrh,element,Mg,8,quantile_width,0.15,0.14781096227667756,0.13902253516432056,0.15678984583948388,-0.010977464835679435,0.006789845839483888,718,651
log_kvrh,element,Mg,8,rf_distance_hybrid,0.15,0.13373572963271274,0.1269169373750164,0.14116795921644718,-0.023083062624983608,-0.00883204078355282,718,651
log_kvrh,element,Mg,8,rf_ensemble_std,0.15,0.13373572963271274,0.12586121720335233,0.1412297957986421,-0.024138782796647662,-0.008770204201357906,718,651
log_kvrh,element,Mg,9,descriptor_distance,0.15,0.13544312897015634,0.1284238790928092,0.14365587831495558,-0.0215761209071908,-0.006344121685044418,718,651
log_kvrh,element,Mg,9,quantile_width,0.15,0.14835790444108188,0.14058954759458786,0.1571845322267633,-0.009410452405412134,0.007184532226763296,718,651
log_kvrh,element,Mg,9,rf_distance_hybrid,0.15,0.13544312897015634,0.12586468802348993,0.1429682162676499,-0.02413531197651006,-0.007031783732350083,718,651
log_kvrh,element,Mg,9,rf_ensemble_std,0.15,0.13544312897015634,0.12725663404262796,0.14381656032190637,-0.02274336595737203,-0.006183439678093622,718,651
log_kvrh,element,O,0,descriptor_distance,0.15,0.24337853707931978,0.23573228241191096,0.2527018768825564,0.08573228241191097,0.10270187688255641,2152,1713
log_kvrh,element,O,0,quantile_width,0.15,0.2694200192534057,0.26175567441437186,0.2779838396146316,0.11175567441437187,0.12798383961463158,2152,1713
log_kvrh,element,O,0,rf_distance_hybrid,0.15,0.2432549623964971,0.23309773419553553,0.25273147442637167,0.08309773419553554,0.10273147442637168,2150,1711
log_kvrh,element,O,0,rf_ensemble_std,0.15,0.24337853707931978,0.23389495363352727,0.2521083969571789,0.08389495363352728,0.10210839695717891,2152,1713
log_kvrh,element,O,1,descriptor_distance,0.15,0.2473116492900789,0.23857873064085147,0.25684274500218923,0.08857873064085148,0.10684274500218924,2152,1713
log_kvrh,element,O,1,quantile_width,0.15,0.26860568183356237,0.25917266101107256,0.27594670230576884,0.10917266101107256,0.12594670230576885,2152,1713
log_kvrh,element,O,1,rf_distance_hybrid,0.15,0.24734053454990895,0.23842155490182929,0.25778441998754587,0.08842155490182929,0.10778441998754587,2151,1712
log_kvrh,element,O,1,rf_ensemble_std,0.15,0.2473116492900789,0.23733842816161138,0.25719429880227496,0.08733842816161139,0.10719429880227496,2152,1713
log_kvrh,element,O,2,descriptor_distance,0.15,0.2463466251070996,0.2365231774899341,0.2563251442540535,0.0865231774899341,0.10632514425405351,2152,1713
log_kvrh,element,O,2,quantile_width,0.15,0.2653219774106027,0.25565288920127577,0.2742342784650981,0.10565288920127577,0.12423427846509813,2152,1713
log_kvrh,element,O,2,rf_distance_hybrid,0.15,0.2463466251070996,0.23711375589548309,0.2563172444725037,0.08711375589548309,0.10631724447250371,2152,1713
log_kvrh,element,O,2,rf_ensemble_std,0.15,0.24645069610556355,0.23896495399430326,0.25517971522338634,0.08896495399430326,0.10517971522338634,2147,1710
log_kvrh,element,O,3,descriptor_distance,0.15,0.24970458883326072,0.2407150351753864,0.2604243975951813,0.0907150351753864,0.11042439759518133,2152,1713
log_kvrh,element,O,3,quantile_width,0.15,0.2687759264614185,0.2579595250160487,0.2772923757905135,0.10795952501604869,0.12729237579051353,2152,1713
log_kvrh,element,O,3,rf_distance_hybrid,0.15,0.24970458883326072,0.24047553668000007,0.25906715850975054,0.09047553668000008,0.10906715850975054,2152,1713
log_kvrh,element,O,3,rf_ensemble_std,0.15,0.24949090356339085,0.23891349719608665,0.25770018195827554,0.08891349719608665,0.10770018195827555,2142,1705
log_kvrh,element,O,4,descriptor_distance,0.15,0.24155639594432707,0.23257922881802784,0.250608650657212,0.08257922881802784,0.100608650657212,2152,1713
log_kvrh,element,O,4,quantile_width,0.15,0.2653464941588809,0.2583497114770096,0.273130272484458,0.10834971147700959,0.12313027248445799,2152,1713
log_kvrh,element,O,4,rf_distance_hybrid,0.15,0.24155639594432707,0.23343903352084674,0.25140126394660517,0.08343903352084675,0.10140126394660517,2152,1713
log_kvrh,element,O,4,rf_ensemble_std,0.15,0.24155639594432707,0.233324439674419,0.25011469356704513,0.08332443967441899,0.10011469356704514,2152,1713
log_kvrh,element,O,5,descriptor_distance,0.15,0.24502876395105055,0.23504602206327177,0.25380269371753644,0.08504602206327178,0.10380269371753645,2152,1713
log_kvrh,element,O,5,quantile_width,0.15,0.2697593342571794,0.2605441289506788,0.2785485084615124,0.1105441289506788,0.12854850846151242,2152,1713
log_kvrh,element,O,5,rf_distance_hybrid,0.15,0.24502876395105055,0.23539441272385622,0.2548241223949529,0.08539441272385623,0.1048241223949529,2152,1713
log_kvrh,element,O,5,rf_ensemble_std,0.15,0.24502876395105055,0.23543375656678955,0.25455321702624567,0.08543375656678956,0.10455321702624568,2152,1713
log_kvrh,element,O,6,descriptor_distance,0.15,0.24814296050430185,0.24080379419432693,0.2576441805712128,0.09080379419432694,0.1076441805712128,2152,1713
log_kvrh,element,O,6,quantile_width,0.15,0.265561241298978,0.2568446219939814,0.27378079683649675,0.1068446219939814,0.12378079683649676,2152,1713
log_kvrh,element,O,6,rf_distance_hybrid,0.15,0.24784928511266918,0.23912946968986945,0.25826138717181424,0.08912946968986946,0.10826138717181424,2149,1710
log_kvrh,element,O,6,rf_ensemble_std,0.15,0.24807935472262568,0.24003834847515576,0.25800447703321716,0.09003834847515577,0.10800447703321717,2151,1712
log_kvrh,element,O,7,descriptor_distance,0.15,0.24644481740262336,0.2358944670083609,0.2555417963568191,0.0858944670083609,0.10554179635681912,2152,1713
log_kvrh,element,O,7,quantile_width,0.15,0.2651740683674347,0.2564865020099414,0.27462575864242145,0.10648650200994139,0.12462575864242145,2152,1713
log_kvrh,element,O,7,rf_distance_hybrid,0.15,0.24644481740262336,0.23824811772619298,0.25830663828324374,0.08824811772619298,0.10830663828324374,2152,1713
log_kvrh,element,O,7,rf_ensemble_std,0.15,0.24644481740262336,0.23741339100085054,0.2558592004560511,0.08741339100085055,0.1058592004560511,2152,1713
log_kvrh,element,O,8,descriptor_distance,0.15,0.2508510117217062,0.24141788005146117,0.26116721539034393,0.09141788005146118,0.11116721539034394,2152,1713
log_kvrh,element,O,8,quantile_width,0.15,0.271326800389233,0.2617242949306096,0.2809665094761498,0.11172429493060962,0.13096650947614982,2152,1713
log_kvrh,element,O,8,rf_distance_hybrid,0.15,0.2508510117217062,0.24186011998542664,0.25954034533857456,0.09186011998542665,0.10954034533857457,2152,1713
log_kvrh,element,O,8,rf_ensemble_std,0.15,0.2507249669333898,0.2419609044462107,0.25911109531816345,0.09196090444621072,0.10911109531816346,2151,1712
log_kvrh,element,O,9,descriptor_distance,0.15,0.2457665636054625,0.23644483191859392,0.25763248715095083,0.08644483191859392,0.10763248715095083,2152,1713
log_kvrh,element,O,9,quantile_width,0.15,0.26629478983986954,0.256878807472767,0.27512933279424284,0.10687880747276698,0.12512933279424285,2152,1713
log_kvrh,element,O,9,rf_distance_hybrid,0.15,0.24574134453051424,0.23714318683568714,0.25435804673529533,0.08714318683568714,0.10435804673529533,2151,1712
log_kvrh,element,O,9,rf_ensemble_std,0.15,0.2457665636054625,0.2355293506575564,0.25573402903264036,0.0855293506575564,0.10573402903264037,2152,1713
log_kvrh,element,Si,0,descriptor_distance,0.15,0.11411776663462175,0.10153766783867535,0.13330857288121417,-0.048462332161324645,-0.016691427118785823,750,674
log_kvrh,element,Si,0,quantile_width,0.15,0.10357886106990115,0.09202796724985082,0.12268120433314962,-0.05797203275014917,-0.027318795666850373,750,674
log_kvrh,element,Si,0,rf_distance_hybrid,0.15,0.11411776663462175,0.10045284800333901,0.13261475521622612,-0.04954715199666099,-0.017385244783773873,750,674
log_kvrh,element,Si,0,rf_ensemble_std,0.15,0.11411776663462175,0.10082025842506265,0.12866855047220307,-0.04917974157493735,-0.02133144952779692,750,674
log_kvrh,element,Si,1,descriptor_distance,0.15,0.11470543448881476,0.1000860018065994,0.13608988681536144,-0.04991399819340059,-0.013910113184638556,750,674
log_kvrh,element,Si,1,quantile_width,0.15,0.1014139026585855,0.08959154160443039,0.12148141850387796,-0.0604084583955696,-0.028518581496122034,750,674
log_kvrh,element,Si,1,rf_distance_hybrid,0.15,0.11470543448881476,0.10142039332201158,0.13403367242453557,-0.04857960667798841,-0.01596632757546443,750,674
log_kvrh,element,Si,1,rf_ensemble_std,0.15,0.11470543448881476,0.10018678237972503,0.1313644882657792,-0.04981321762027496,-0.01863551173422079,750,674
log_kvrh,element,Si,2,descriptor_distance,0.15,0.11120140693224176,0.09730859422383521,0.1322310550609491,-0.05269140577616478,-0.0177689449390509,750,674
log_kvrh,element,Si,2,quantile_width,0.15,0.10388690758980446,0.0907838861191646,0.12075075719394429,-0.05921611388083539,-0.029249242806055703,750,674
log_kvrh,element,Si,2,rf_distance_hybrid,0.15,0.11120140693224176,0.09845934365531378,0.12831748486241118,-0.051540656344686214,-0.021682515137588815,750,674
log_kvrh,element,Si,2,rf_ensemble_std,0.15,0.11120140693224176,0.0978975411454251,0.13425290588034133,-0.0521024588545749,-0.01574709411965866,750,674
log_kvrh,element,Si,3,descriptor_distance,0.15,0.11092866773346907,0.09842983078706444,0.1326435991448375,-0.05157016921293556,-0.01735640085516249,750,674
log_kvrh,element,Si,3,quantile_width,0.15,0.10447533523152037,0.0925077636840135,0.11876756819240551,-0.05749223631598649,-0.031232431807594482,750,674
log_kvrh,element,Si,3,rf_distance_hybrid,0.15,0.11092866773346907,0.09829615568466359,0.1275731456734342,-0.05170384431533641,-0.022426854326565798,750,674
log_kvrh,element,Si,3,rf_ensemble_std,0.15,0.11092866773346907,0.09890643684692493,0.12859263797039844,-0.05109356315307506,-0.021407362029601557,750,674
log_kvrh,element,Si,4,descriptor_distance,0.15,0.11215069777262604,0.1006820637048403,0.12716625190592643,-0.049317936295159695,-0.02283374809407357,750,674
log_kvrh,element,Si,4,quantile_width,0.15,0.10336483395999159,0.09076657670588746,0.1156921278381057,-0.05923342329411253,-0.03430787216189429,750,674
log_kvrh,element,Si,4,rf_distance_hybrid,0.15,0.11215069777262604,0.10047217824014797,0.12956129104065175,-0.04952782175985203,-0.02043870895934824,750,674
log_kvrh,element,Si,4,rf_ensemble_std,0.15,0.11215069777262604,0.10197345206477954,0.12641850353463274,-0.04802654793522046,-0.023581496465367252,750,674
log_kvrh,element,Si,5,descriptor_distance,0.15,0.11061574288001069,0.0962680002807384,0.12686652476020044,-0.0537319997192616,-0.023133475239799556,750,674
log_kvrh,element,Si,5,quantile_width,0.15,0.10271481257524258,0.09155851930640803,0.11741752835862226,-0.058441480693591966,-0.03258247164137773,750,674
log_kvrh,element,Si,5,rf_distance_hybrid,0.15,0.11061574288001069,0.09841322974368526,0.13039230048697506,-0.05158677025631474,-0.019607699513024934,750,674
log_kvrh,element,Si,5,rf_ensemble_std,0.15,0.11061574288001069,0.097716749735035,0.12991148008492595,-0.052283250264965,-0.020088519915074043,750,674
log_kvrh,element,Si,6,descriptor_distance,0.15,0.11015148262180384,0.09745368332090155,0.1280901824818512,-0.05254631667909844,-0.0219098175181488,750,674
log_kvrh,element,Si,6,quantile_width,0.15,0.10208906200053577,0.08938134383739633,0.11917637696805657,-0.06061865616260366,-0.03082362303194343,750,674
log_kvrh,element,Si,6,rf_distance_hybrid,0.15,0.11015148262180384,0.09861997203063226,0.12454326526943231,-0.051380027969367734,-0.025456734730567684,750,674
log_kvrh,element,Si,6,rf_ensemble_std,0.15,0.11015148262180384,0.09875905492237329,0.1282741598441246,-0.05124094507762671,-0.021725840155875392,750,674
log_kvrh,element,Si,7,descriptor_distance,0.15,0.11273716092997506,0.09804382973619066,0.13130448432602565,-0.05195617026380933,-0.018695515673974344,750,674
log_kvrh,element,Si,7,quantile_width,0.15,0.10449506075715652,0.09198192601355125,0.11969445245623557,-0.058018073986448745,-0.030305547543764425,750,674
log_kvrh,element,Si,7,rf_distance_hybrid,0.15,0.11273716092997506,0.1005747484696653,0.13309688033721317,-0.049425251530334696,-0.01690311966278682,750,674
log_kvrh,element,Si,7,rf_ensemble_std,0.15,0.11273716092997506,0.09763223000420451,0.1306743160401602,-0.05236776999579548,-0.0193256839598398,750,674
log_kvrh,element,Si,8,descriptor_distance,0.15,0.11379372683638651,0.1016577119545629,0.13209414362582855,-0.048342288045437096,-0.01790585637417144,750,674
log_kvrh,element,Si,8,quantile_width,0.15,0.10456054538346757,0.09215345878367054,0.12150375232408087,-0.057846541216329456,-0.02849624767591913,750,674
log_kvrh,element,Si,8,rf_distance_hybrid,0.15,0.11379372683638651,0.10054574731352361,0.13339389655820114,-0.04945425268647638,-0.01660610344179886,750,674
log_kvrh,element,Si,8,rf_ensemble_std,0.15,0.11379372683638651,0.10141757250531522,0.131961185045807,-0.04858242749468478,-0.01803881495419299,750,674
log_kvrh,element,Si,9,descriptor_distance,0.15,0.11058488950094662,0.09918726756860315,0.1287969217477562,-0.05081273243139685,-0.021203078252243795,750,674
log_kvrh,element,Si,9,quantile_width,0.15,0.10287929552825475,0.09031534457263012,0.11989117319608339,-0.05968465542736988,-0.030108826803916605,750,674
log_kvrh,element,Si,9,rf_distance_hybrid,0.15,0.11050529322103428,0.09807922329640516,0.13007903166683377,-0.05192077670359484,-0.019920968333166228,749,673
log_kvrh,element,Si,9,rf_ensemble_std,0.15,0.11058488950094662,0.09780553638359207,0.12707574386670623,-0.05219446361640792,-0.02292425613329377,750,674
